<?xml version="1.0" encoding="UTF-8"?>
<project xsi:schemaLocation="http://maven.apache.org/POM/4.0.0 https://maven.apache.org/xsd/maven-4.0.0.xsd" xmlns="http://maven.apache.org/POM/4.0.0"
    xmlns:xsi="http://www.w3.org/2001/XMLSchema-instance">
  <modelVersion>4.0.0</modelVersion>
  <parent>
    <groupId>com.ft.i18n</groupId>
    <artifactId>ft-i18n-all</artifactId>
    <version>3.0.0</version>
  </parent>
  <groupId>com.ft.i18n</groupId>
  <artifactId>ft-i18n-common</artifactId>
  <version>3.0.0</version>
  <name>${project.artifactId}</name>
  <description>国际化通用组件</description>
  <url>https://github.com/YunaiV/ruoyi-vue-pro</url>
  <dependencies>
    <dependency>
      <groupId>org.projectlombok</groupId>
      <artifactId>lombok</artifactId>
      <version>1.18.30</version>
    </dependency>
    <dependency>
      <groupId>org.springframework</groupId>
      <artifactId>spring-web</artifactId>
      <scope>provided</scope>
    </dependency>
    <dependency>
      <groupId>jakarta.servlet</groupId>
      <artifactId>jakarta.servlet-api</artifactId>
      <scope>provided</scope>
    </dependency>
    <dependency>
      <groupId>jakarta.validation</groupId>
      <artifactId>jakarta.validation-api</artifactId>
      <scope>provided</scope>
    </dependency>
  </dependencies>
</project>
