<?xml version="1.0" encoding="UTF-8"?>
<metadata modelVersion="1.1.0">
  <groupId>com.digiplus</groupId>
  <artifactId>seamless-base</artifactId>
  <versioning>
    <lastUpdated>20240820094332</lastUpdated>
    <snapshot>
      <timestamp>20240820.094332</timestamp>
      <buildNumber>1</buildNumber>
    </snapshot>
    <snapshotVersions>
      <snapshotVersion>
        <extension>pom</extension>
        <value>20240815-sip-base-week-02-20240820.094332-1</value>
        <updated>20240820094332</updated>
      </snapshotVersion>
      <snapshotVersion>
        <extension>jar</extension>
        <value>20240815-sip-base-week-02-20240820.094332-1</value>
        <updated>20240820094332</updated>
      </snapshotVersion>
    </snapshotVersions>
  </versioning>
  <version>20240815-sip-base-week-02-SNAPSHOT</version>
</metadata>
