<?xml version="1.0" encoding="UTF-8"?>
<metadata modelVersion="1.1.0">
  <groupId>com.digiplus</groupId>
  <artifactId>seamless-common</artifactId>
  <version>20240513-03-SNAPSHOT</version>
  <versioning>
    <snapshot>
      <timestamp>20240513.043334</timestamp>
      <buildNumber>1</buildNumber>
    </snapshot>
    <lastUpdated>20240513043334</lastUpdated>
    <snapshotVersions>
      <snapshotVersion>
        <extension>pom</extension>
        <value>20240513-03-20240513.043334-1</value>
        <updated>20240513043334</updated>
      </snapshotVersion>
      <snapshotVersion>
        <extension>jar</extension>
        <value>20240513-03-20240513.043334-1</value>
        <updated>20240513043334</updated>
      </snapshotVersion>
    </snapshotVersions>
  </versioning>
</metadata>
