<?xml version="1.0" encoding="UTF-8" ?>
<!DOCTYPE mapper PUBLIC "-//mybatis.org//DTD Mapper 3.0//EN" "http://mybatis.org/dtd/mybatis-3-mapper.dtd" >
<mapper namespace="com.riskcontrol.office.mapper.KycRequestDao">
    <resultMap id="BaseResultMap" type="com.riskcontrol.common.entity.pojo.KycRequest">
        <id column="ID" jdbcType="BIGINT" property="id" />
        <result column="CUSTOMER_ID" jdbcType="BIGINT" property="customerId" />
        <result column="LOGIN_NAME" jdbcType="VARCHAR" property="loginName" />
        <result column="PRODUCT_ID" jdbcType="VARCHAR" property="productId" />
        <result column="CREATED_DATE" jdbcType="TIMESTAMP" property="createdDate" />
        <result column="OPEN_DATE" jdbcType="TIMESTAMP" property="openDate" />
        <result column="APPROVED_DATE" jdbcType="TIMESTAMP" property="approvedDate" />
        <result column="PBC_APPROVED_DATE" jdbcType="TIMESTAMP" property="pbcApprovedDate" />
        <result column="CREATED_BY" jdbcType="VARCHAR" property="createdBy" />
        <result column="UPDATE_BY" jdbcType="VARCHAR" property="updateBy" />
        <result column="APPROVED_BY" jdbcType="VARCHAR" property="approvedBy" />
        <result column="PBC_APPROVED_BY" jdbcType="VARCHAR" property="pbcApprovedBy" />
        <result column="UPDATE_DATE" jdbcType="TIMESTAMP" property="updateDate" />
        <result column="ID_TYPE" jdbcType="INTEGER" property="idType" />
        <result column="ID_NO" jdbcType="VARCHAR" property="idNo" />
        <result column="FIRST_NAME" jdbcType="VARCHAR" property="firstName" />
        <result column="MIDDLE_NAME" jdbcType="VARCHAR" property="middleName" />
        <result column="LAST_NAME" jdbcType="VARCHAR" property="lastName" />
        <result column="ID_SCAN" jdbcType="VARCHAR" property="idScan" />
        <result column="REMARK" jdbcType="VARCHAR" property="remark" />
        <result column="STATUS" jdbcType="INTEGER" property="status" />
        <result column="ADDRESS" jdbcType="VARCHAR" property="address" />
        <result column="SEX" jdbcType="VARCHAR" property="sex" />
        <result column="ASSIGNEE_TIME" jdbcType="TIMESTAMP" property="assigneeTime" />
        <result column="ASSIGNEE_BY" jdbcType="VARCHAR" property="assigneeBy" />
        <result column="PBC_STATUS" jdbcType="INTEGER" property="pbcStatus" />
        <result column="BILL_NO" jdbcType="VARCHAR" property="billNo" />
        <result column="PROCESS_LOG" jdbcType="VARCHAR" property="processLog"></result>
        <result column="BIRTHDAY" jdbcType="VARCHAR" property="birthday"></result>
        <result column="DISPATCH_STATUS" jdbcType="VARCHAR" property="dispatchStatus"></result>
        <result column="PRODUCT" jdbcType="VARCHAR" property="product"></result>
        <result column="CHANNEL" jdbcType="VARCHAR" property="channel"></result>
        <result column="REPETATION" jdbcType="VARCHAR" property="repetation"></result>
        <result column="DOUBTFUL" jdbcType="VARCHAR" property="doubtful"></result>
        <result column="EMPLOYER_NAME" jdbcType="VARCHAR" property="employerName"></result>
        <result column="BIRTH_PLACE" jdbcType="VARCHAR" property="birthPlace"></result>

        <result column="PRESENT_ADDRESS" jdbcType="VARCHAR" property="presentAddress"></result>
        <result column="NATIONALITY" jdbcType="VARCHAR" property="nationality"></result>
        <result column="SOURCE_OF_INCOME" jdbcType="VARCHAR" property="sourceOfIncome"></result>
        <result column="NATURE_OF_WORK" jdbcType="VARCHAR" property="natureOfWork"></result>
        <result column="IMG_URL" jdbcType="VARCHAR" property="imgUrl"></result>
    </resultMap>

    <resultMap id="BaseResultMapNew" type="com.riskcontrol.common.entity.pojo.KycRequest">
        <id column="ID" jdbcType="BIGINT" property="id" />
        <result column="CUSTOMER_ID" jdbcType="BIGINT" property="customerId" />
        <result column="LOGIN_NAME" jdbcType="VARCHAR" property="loginName" />
        <result column="PRODUCT_ID" jdbcType="VARCHAR" property="productId" />
        <result column="CREATED_DATE" jdbcType="TIMESTAMP" property="createdDate" />
        <result column="OPEN_DATE" jdbcType="TIMESTAMP" property="openDate" />
        <result column="APPROVED_DATE" jdbcType="TIMESTAMP" property="approvedDate" />
        <result column="CREATED_BY" jdbcType="VARCHAR" property="createdBy" />
        <result column="UPDATE_BY" jdbcType="VARCHAR" property="updateBy" />
        <result column="APPROVED_BY" jdbcType="VARCHAR" property="approvedBy" />
        <result column="UPDATE_DATE" jdbcType="TIMESTAMP" property="updateDate" />
        <result column="ID_TYPE" jdbcType="INTEGER" property="idType" />
        <result column="ID_NO" jdbcType="VARCHAR" property="idNo" />
        <result column="FIRST_NAME" jdbcType="VARCHAR" property="firstName" />
        <result column="MIDDLE_NAME" jdbcType="VARCHAR" property="middleName" />
        <result column="LAST_NAME" jdbcType="VARCHAR" property="lastName" />
        <result column="ID_SCAN" jdbcType="VARCHAR" property="idScan" />
        <result column="REMARK" jdbcType="VARCHAR" property="remark" />
        <result column="STATUS" jdbcType="INTEGER" property="status" />
        <result column="ADDRESS" jdbcType="VARCHAR" property="address" />
        <result column="SEX" jdbcType="VARCHAR" property="sex" />
        <result column="ASSIGNEE_TIME" jdbcType="TIMESTAMP" property="assigneeTime" />
        <result column="ASSIGNEE_BY" jdbcType="VARCHAR" property="assigneeBy" />
        <result column="PBC_STATUS" jdbcType="INTEGER" property="pbcStatus" />
        <result column="BILL_NO" jdbcType="VARCHAR" property="billNo" />
        <result column="PROCESS_LOG" jdbcType="VARCHAR" property="processLog"></result>
        <result column="BIRTHDAY" jdbcType="VARCHAR" property="birthday"></result>
        <result column="DISPATCH_STATUS" jdbcType="VARCHAR" property="dispatchStatus"></result>

        <result column="TYPE" jdbcType="VARCHAR" property="type"></result>
        <result column="DISPATCH_BY" jdbcType="VARCHAR" property="pbcApprovedBy"></result>
        <result column="CREATE_TIME" jdbcType="TIMESTAMP" property="pbcApprovedDate"></result>
        <result column="PRODUCT" jdbcType="VARCHAR" property="product"></result>
        <result column="CHANNEL" jdbcType="VARCHAR" property="channel"></result>
        <result column="REPETATION" jdbcType="VARCHAR" property="repetation"></result>
        <result column="DOUBTFUL" jdbcType="VARCHAR" property="doubtful"></result>
        <result column="EMPLOYER_NAME" jdbcType="VARCHAR" property="employerName"></result>
        <result column="BIRTH_PLACE" jdbcType="VARCHAR" property="birthPlace"></result>

        <result column="PRESENT_ADDRESS" jdbcType="VARCHAR" property="presentAddress"></result>
        <result column="NATIONALITY" jdbcType="VARCHAR" property="nationality"></result>
        <result column="SOURCE_OF_INCOME" jdbcType="VARCHAR" property="sourceOfIncome"></result>
        <result column="NATURE_OF_WORK" jdbcType="VARCHAR" property="natureOfWork"></result>
        <result column="IMG_URL" jdbcType="VARCHAR" property="imgUrl"></result>
    </resultMap>

    <sql id="Base_Column_List">
        ID,
        CUSTOMER_ID,
        LOGIN_NAME,
        PRODUCT_ID,
        FIRST_NAME,
        MIDDLE_NAME,
        LAST_NAME,
        ID_SCAN,
        ID_TYPE,
        REMARK,
        ID_NO,
        STATUS,
        CREATED_DATE,
        CREATED_BY,
        UPDATE_DATE,
        UPDATE_BY,
        ADDRESS,
        SEX,
        COUNTRY,
        OPEN_DATE,
        APPROVED_DATE,
        APPROVED_BY,
        DISPATCH_STATUS,
        ASSIGNEE_TIME,
        ASSIGNEE_BY,
        PBC_STATUS,
        BILL_NO,
        PRODUCT,
        CHANNEL,
        BIRTHDAY,
        REPETATION,
        DOUBTFUL,
        PBC_APPROVED_BY,
        PBC_APPROVED_DATE,
        PROCESS_LOG_TYPE,
        PROCESS_LOG_REMARK,
        EMPLOYER_NAME,
        BIRTH_PLACE,
        PRESENT_ADDRESS,
        NATIONALITY,
        SOURCE_OF_INCOME,
        NATURE_OF_WORK,
        IMG_URL
    </sql>

    <sql id="conditional_query">
        <if test="id != null">
            and id = #{id}
        </if>
        <if test="productId != null and productId != ''">
            and PRODUCT_ID = #{productId,jdbcType=VARCHAR}
        </if>
        <if test="loginName != null and loginName != ''">
            and LOGIN_NAME = #{loginName,jdbcType=VARCHAR}
        </if>
        <if test="customerId != null and customerId != ''">
            and CUSTOMER_ID = #{customerId}
        </if>
        <if test="createdDateBegin != null and createdDateBegin !=''">
            and CREATED_DATE <![CDATA[>=]]> str_to_date(#{createdDateBegin,jdbcType=VARCHAR},'%Y-%m-%d %H:%i:%S')
        </if>
        <if test="createdDateEnd != null and createdDateEnd !=''">
            and CREATED_DATE <![CDATA[<=]]> str_to_date(#{createdDateEnd,jdbcType=VARCHAR},'%Y-%m-%d %H:%i:%S')
        </if>
        <if test="openDateBegin != null and openDateBegin !=''">
            and OPEN_DATE <![CDATA[>=]]> str_to_date(#{openDateBegin,jdbcType=VARCHAR},'%Y-%m-%d %H:%i:%S')
        </if>
        <if test="openDateEnd != null and openDateEnd !=''">
            and OPEN_DATE <![CDATA[<=]]> str_to_date(#{openDateEnd,jdbcType=VARCHAR},'%Y-%m-%d %H:%i:%S')
        </if>
        <if test="approvedDateBegin != null and approvedDateBegin !=''">
            and APPROVED_DATE <![CDATA[>=]]> str_to_date(#{approvedDateBegin,jdbcType=VARCHAR},'%Y-%m-%d %H:%i:%S')
        </if>
        <if test="approvedDateEnd != null and approvedDateEnd !=''">
            and APPROVED_DATE <![CDATA[<=]]> str_to_date(#{approvedDateEnd,jdbcType=VARCHAR},'%Y-%m-%d %H:%i:%S')
        </if>
        <if test="sex != null and sex != ''">
            and SEX = #{sex,jdbcType=VARCHAR}
        </if>
        <if test="idType != null and idType != ''">
            and ID_TYPE = #{idType,jdbcType=INTEGER}
        </if>
        <if test="address != null and address != ''">
            and ADDRESS = #{address,jdbcType=VARCHAR}
        </if>
        <if test="country != null and country != ''">
            and COUNTRY = #{country,jdbcType=VARCHAR}
        </if>
        <if test="assigneeBy != null and assigneeBy != ''">
            and ASSIGNEE_BY = #{assigneeBy,jdbcType=VARCHAR}
        </if>
        <if test="dispatchStatus != null and dispatchStatus == '0'.toString()">
            and (DISPATCH_STATUS IS NULL OR  DISPATCH_STATUS in(0,3))
        </if>

        <if test="assigneeDateBegin != null and assigneeDateBegin !=''">
            and ASSIGNEE_TIME <![CDATA[>=]]> str_to_date(#{assigneeDateBegin,jdbcType=VARCHAR},'%Y-%m-%d %H:%i:%S')
        </if>
        <if test="assigneeDateEnd != null and assigneeDateEnd !=''">
            and ASSIGNEE_TIME <![CDATA[<=]]> str_to_date(#{assigneeDateEnd,jdbcType=VARCHAR},'%Y-%m-%d %H:%i:%S')
        </if>
        <if test="statusList != null and statusList != ''">
            <bind name="statusArray" value="statusList.split(';')"/>
            and STATUS in
            <foreach item="item" index="index" collection="statusArray" open="(" separator="," close=")">
                #{item,jdbcType=INTEGER}
            </foreach>
        </if>
        <if test="billNo != null and billNo != ''">
            and BILL_NO = #{billNo}
        </if>
        <if test="pbcStatus != null">
            and PBC_STATUS = #{pbcStatus,jdbcType=INTEGER}
        </if>
        <if test="birthday != null and birthday != ''">
            and BIRTHDAY = #{birthday}
        </if>
        <if test="firstName != null and firstName != ''">
            and FIRST_NAME = #{firstName}
        </if>
        <if test="middleName != null and middleName != ''">
            and MIDDLE_NAME = #{middleName}
        </if>
        <if test="lastName != null and lastName != ''">
            and LAST_NAME = #{lastName}
        </if>
        <if test="product != null and product != ''">
            and PRODUCT = #{product}
        </if>
        <if test="channel != null and channel != ''">
            and CHANNEL = #{channel}
        </if>
    </sql>

    <sql id="conditional_query_ekyc">
        <if test="birthday != null and birthday != ''">
            and BIRTHDAY = #{birthday}
        </if>
        <if test="firstName != null and firstName != ''">
            and FIRST_NAME = #{firstName}
        </if>
        <if test="firstName == null or firstName == ''">
            and (FIRST_NAME IS NULL or FIRST_NAME = '')
        </if>
        <if test="middleName != null and middleName != '' ">
            and MIDDLE_NAME = #{middleName}
        </if>
        <if test="middleName == null or middleName == ''">
            and (MIDDLE_NAME IS NULL or MIDDLE_NAME = '')
        </if>
        <if test="lastName != null and lastName != ''">
            and LAST_NAME = #{lastName}
        </if>
        <if test="lastName == null or lastName == ''">
            and (LAST_NAME IS NULL or LAST_NAME = '')
        </if>
        <if test="statusList != null and statusList != ''">
            <bind name="statusArray" value="statusList.split(';')"/>
            and STATUS in
            <foreach item="item" index="index" collection="statusArray" open="(" separator="," close=")">
                #{item,jdbcType=INTEGER}
            </foreach>
        </if>
    </sql>

    <select id="queryPageByConditionAll" parameterType="com.riskcontrol.common.entity.request.kyc.RiskQueryKycRequest" resultMap="BaseResultMap">
        SELECT
        <include refid="Base_Column_List"/>
        FROM
        T_KYC_REQUEST
        <where>
            <include refid="conditional_query_ekyc"></include>
        </where>
    </select>
</mapper>

