<?xml version="1.0" encoding="UTF-8"?>
<!DOCTYPE mapper PUBLIC "-//mybatis.org//DTD Mapper 3.0//EN" "http://mybatis.org/dtd/mybatis-3-mapper.dtd">
<mapper namespace="com.riskcontrol.office.mapper.TLabelRuleRelationshipMapper">
  <resultMap id="BaseResultMap" type="com.riskcontrol.office.domain.entity.TLabelRuleRelationship">
    <!--@mbg.generated-->
    <!--@Table t_label_rule_relationship-->
    <id column="id" jdbcType="BIGINT" property="id" />
    <result column="rule_action" jdbcType="VARCHAR" property="ruleAction" />
    <result column="label_id" jdbcType="BIGINT" property="labelId" />
    <result column="label_key" jdbcType="VARCHAR" property="labelKey" />
    <result column="status" jdbcType="TINYINT" property="status" />
    <result column="remark" jdbcType="VARCHAR" property="remark" />
    <result column="create_by" jdbcType="VARCHAR" property="createBy" />
    <result column="create_time" jdbcType="TIMESTAMP" property="createTime" />
    <result column="update_by" jdbcType="VARCHAR" property="updateBy" />
    <result column="update_time" jdbcType="TIMESTAMP" property="updateTime" />
  </resultMap>
  <resultMap id="exBaseResultMap" extends="BaseResultMap" type="com.riskcontrol.office.domain.vo.TLabelRuleRelationshipVo">
    <result column="priority" jdbcType="TINYINT" property="priority" />
  </resultMap>
  <select id="queryList" parameterType="java.util.Map" resultMap="exBaseResultMap">
    select r.*,l.priority from t_label_rule_relationship r
    left join t_risk_constants l on r.label_id = l.id
    <where>
      <if test="param.ruleAction !=null and param.ruleAction !=''">
        and r.rule_action = #{param.ruleAction}
      </if>
      <if test="param.labelId !=null ">
        and r.label_id = #{param.labelId}
      </if>
      <if test="param.labelKey !=null and param.labelKey !=''">
        and r.label_key = #{param.labelKey}
      </if>
      <if test="param.status !=null">
        and r.status = #{param.status}
      </if>
      <if test="param.priority !=null">
        and l.priority = #{param.priority}
      </if>
    </where>
  </select>

  <sql id="Base_Column_List">
    <!--@mbg.generated-->
    id, rule_action, label_id, label_key, `status`, remark, create_by, create_time,
    update_by, update_time
  </sql>
</mapper>