<?xml version="1.0" encoding="UTF-8"?>
<!DOCTYPE mapper PUBLIC "-//mybatis.org//DTD Mapper 3.0//EN" "http://mybatis.org/dtd/mybatis-3-mapper.dtd">
<mapper namespace="com.riskcontrol.office.mapper.TOperationLogMapper">
  <resultMap id="BaseResultMap" type="com.riskcontrol.office.domain.entity.TOperationLog">
    <!--@mbg.generated-->
    <!--@Table t_operation_log-->
    <id column="id" jdbcType="BIGINT" property="id" />
    <result column="product_id" jdbcType="VARCHAR" property="productId" />
    <result column="menu_name" jdbcType="VARCHAR" property="menuName" />
    <result column="sub_menu_name" jdbcType="VARCHAR" property="subMenuName" />
    <result column="op_type" jdbcType="TINYINT" property="opType" />
    <result column="op_by" jdbcType="VARCHAR" property="opBy" />
    <result column="op_log" jdbcType="LONGVARCHAR" property="opLog" />
    <result column="op_ip" jdbcType="VARCHAR" property="opIp" />
    <result column="create_time" jdbcType="TIMESTAMP" property="createTime" />
    <result column="return_Str" jdbcType="LONGVARCHAR" property="returnStr" />
    <result column="request_Str" jdbcType="LONGVARCHAR" property="requestStr" />
  </resultMap>
  <sql id="Base_Column_List">
    <!--@mbg.generated-->
    id, product_id, menu_name, sub_menu_name, op_type, op_by, op_log, op_ip, create_time,
    return_Str, request_Str
  </sql>
</mapper>