<?xml version="1.0" encoding="UTF-8"?>
<!DOCTYPE mapper PUBLIC "-//mybatis.org//DTD Mapper 3.0//EN" "http://mybatis.org/dtd/mybatis-3-mapper.dtd">
<mapper namespace="com.riskcontrol.office.mapper.TRiskLabelRelationshipMapper">
  <resultMap id="BaseResultMap" type="com.riskcontrol.office.domain.entity.TRiskLabelRelationship">
    <!--@mbg.generated-->
    <!--@Table t_risk_label_relationship-->
    <id column="id" jdbcType="BIGINT" property="id" />
    <result column="product_id" jdbcType="VARCHAR" property="productId" />
    <result column="customer_id" jdbcType="BIGINT" property="customerId" />
    <result column="risk_label_id" jdbcType="BIGINT" property="riskLabelId" />
    <result column="risk_label_name" jdbcType="VARCHAR" property="riskLabelName" />
    <result column="risk_label_key" jdbcType="VARCHAR" property="riskLabelKey" />
    <result column="login_name" jdbcType="VARCHAR" property="loginName" />
    <result column="remark" jdbcType="VARCHAR" property="remark" />
    <result column="create_by" jdbcType="VARCHAR" property="createBy" />
    <result column="create_time" jdbcType="TIMESTAMP" property="createTime" />
    <result column="update_by" jdbcType="VARCHAR" property="updateBy" />
    <result column="update_time" jdbcType="TIMESTAMP" property="updateTime" />
  </resultMap>
  <sql id="Base_Column_List">
    <!--@mbg.generated-->
    id, product_id, customer_id, risk_label_id, risk_label_name, risk_label_key, login_name, 
    remark, create_by, create_time, update_by, update_time
  </sql>

  <!-- 分页查询用户和标签关系(有效标签) -->
<!--  <select id="selectRelationPage" parameterType="com.riskcontrol.office.domain.req.RiskLabelPageReq"-->
<!--          resultType="com.riskcontrol.office.domain.entity.TRiskLabelRelationship">-->
<!--    select * from (-->
<!--    select-->
<!--    t1.id, t1.product_id, t1.customer_id, t1.risk_label_id, t2.p_value as risk_label_name, t2.p_key as risk_label_key, t1.login_name,-->
<!--    t1.remark, t1.create_by, t1.create_time, t1.update_by, t1.update_time-->
<!--    from t_risk_label_relationship t1-->
<!--    inner join t_risk_constants t2-->
<!--    on t1.risk_label_id = t2.id-->
<!--    <if test="req.queryValidatedLabel != null and req.queryValidatedLabel">-->
<!--      and t2.is_enable = 1-->
<!--      and t2.is_deleted = 0-->
<!--    </if>-->
<!--    <if test="req.loginName != null and req.loginName != ''">-->
<!--      and t1.login_name = #{req.loginName}-->
<!--    </if>-->
<!--    <if test="req.labelId != null">-->
<!--      and t1.risk_label_id = #{req.labelId}-->
<!--    </if>-->
<!--    ) t-->
<!--  </select>-->

  <!-- 分页查询，按 login_name 分组，并将 riskLabelName 拼接 -->
  <select id="selectRelationPage" parameterType="com.riskcontrol.office.domain.req.RiskLabelPageReq"
          resultType="com.riskcontrol.office.domain.rsp.RiskLabelPageRsp">
    SELECT MAX(customer_id) as customerId,
    MAX(product_id) as productId,
    login_name as loginName,
    GROUP_CONCAT(risk_label_id SEPARATOR ',') AS riskLabelIds,
    MAX(update_time) AS updateTime,
    MAX(update_by) AS updateBy
    FROM t_risk_label_relationship
    WHERE 1=1
    <if test="req.riskLabelIds != null and req.riskLabelIds != ''">
      AND risk_label_id IN
      <foreach item="item" collection="req.riskLabelIds" open="(" separator="," close=")">
        #{item}
      </foreach>
    </if>
    <if test="req.loginName != null and req.loginName != ''">
      AND login_name =#{req.loginName}
    </if>
    GROUP BY login_name
    ORDER BY updateTime DESC
  </select>

</mapper>