<?xml version="1.0" encoding="UTF-8"?>
<!DOCTYPE mapper PUBLIC "-//mybatis.org//DTD Mapper 3.0//EN" "http://mybatis.org/dtd/mybatis-3-mapper.dtd">
<mapper namespace="com.riskcontrol.office.mapper.TRiskConstantsMapper">
  <resultMap id="BaseResultMap" type="com.riskcontrol.office.domain.entity.TRiskConstants">
    <!--@mbg.generated-->
    <!--@Table t_risk_constants-->
    <id column="id" jdbcType="BIGINT" property="id" />
    <result column="product_id" jdbcType="VARCHAR" property="productId" />
    <result column="p_key" jdbcType="VARCHAR" property="pKey" />
    <result column="p_value" jdbcType="VARCHAR" property="pValue" />
    <result column="remarks" jdbcType="VARCHAR" property="remarks" />
    <result column="ip_address" jdbcType="VARCHAR" property="ipAddress" />
    <result column="is_enable" jdbcType="TINYINT" property="isEnable" />
    <result column="is_deleted" jdbcType="TINYINT" property="isDeleted" />
    <result column="create_by" jdbcType="VARCHAR" property="createBy" />
    <result column="priority" jdbcType="TINYINT" property="priority" />
    <result column="create_time" jdbcType="TIMESTAMP" property="createTime" />
    <result column="update_by" jdbcType="VARCHAR" property="updateBy" />
    <result column="update_time" jdbcType="TIMESTAMP" property="updateTime" />
  </resultMap>
  <sql id="Base_Column_List">
    <!--@mbg.generated-->
    id, product_id, p_key, p_value, remarks, ip_address, is_enable, is_deleted,
    create_by, create_time, update_by, update_time,priority
  </sql>
</mapper>