<?xml version="1.0" encoding="UTF-8" ?>
<!DOCTYPE mapper PUBLIC "-//mybatis.org//DTD Mapper 3.0//EN" "http://mybatis.org/dtd/mybatis-3-mapper.dtd" >
<mapper namespace="com.riskcontrol.cron.mapper.DispatchRecordDao">
    <resultMap id="BaseResultMap" type="com.cn.schema.request.WSDispatchRecord">
        <id column="ID" property="id" jdbcType="DECIMAL"/>
        <result column="USER_LOGIN_NAME" property="userLoginName" jdbcType="VARCHAR"/>
        <result column="ASSIGNEE_TIME" property="assigneeTime" jdbcType="TIMESTAMP"/>
        <result column="ORDER_STYLE" property="orderStyle" jdbcType="VARCHAR"/>
        <result column="SERIAL_NUMBER" property="serialNumber" jdbcType="VARCHAR"/>
        <result column="CREATED_DATE" property="createdDate" jdbcType="TIMESTAMP"/>
        <result column="UPDATED_DATE" property="updatedDate" jdbcType="TIMESTAMP"/>
        <result column="CUSTOMER_ID" property="customerId" jdbcType="DECIMAL"/>
        <result column="STATUS" property="status" jdbcType="DECIMAL"/>
    </resultMap>
    <sql id="Example_Where_Clause">
        <where>
            <foreach collection="oredCriteria" item="criteria" separator="or">
                <if test="criteria.valid">
                    <trim prefix="(" suffix=")" prefixOverrides="and">
                        <foreach collection="criteria.criteria" item="criterion">
                            <choose>
                                <when test="criterion.noValue">
                                    and ${criterion.condition}
                                </when>
                                <when test="criterion.singleValue">
                                    and ${criterion.condition} #{criterion.value}
                                </when>
                                <when test="criterion.betweenValue">
                                    and ${criterion.condition} #{criterion.value} and #{criterion.secondValue}
                                </when>
                                <when test="criterion.listValue">
                                    and ${criterion.condition}
                                    <foreach collection="criterion.value" item="listItem" open="(" close=")"
                                             separator=",">
                                        #{listItem}
                                    </foreach>
                                </when>
                            </choose>
                        </foreach>
                    </trim>
                </if>
            </foreach>
        </where>
    </sql>
    <sql id="Update_By_Example_Where_Clause">
        <where>
            <foreach collection="example.oredCriteria" item="criteria" separator="or">
                <if test="criteria.valid">
                    <trim prefix="(" suffix=")" prefixOverrides="and">
                        <foreach collection="criteria.criteria" item="criterion">
                            <choose>
                                <when test="criterion.noValue">
                                    and ${criterion.condition}
                                </when>
                                <when test="criterion.singleValue">
                                    and ${criterion.condition} #{criterion.value}
                                </when>
                                <when test="criterion.betweenValue">
                                    and ${criterion.condition} #{criterion.value} and #{criterion.secondValue}
                                </when>
                                <when test="criterion.listValue">
                                    and ${criterion.condition}
                                    <foreach collection="criterion.value" item="listItem" open="(" close=")"
                                             separator=",">
                                        #{listItem}
                                    </foreach>
                                </when>
                            </choose>
                        </foreach>
                    </trim>
                </if>
            </foreach>
        </where>
    </sql>
    <sql id="Base_Column_List">
        ID
        , USER_LOGIN_NAME, ASSIGNEE_TIME, ORDER_STYLE, SERIAL_NUMBER, CREATED_DATE, UPDATED_DATE,
    CUSTOMER_ID, STATUS
    </sql>

    <insert id="insert" parameterType="com.cn.schema.request.WSDispatchRecord">
        insert into T_DISPATCH_RECORD (ID, USER_LOGIN_NAME, ASSIGNEE_TIME,
                                       ORDER_STYLE, SERIAL_NUMBER, CREATED_DATE,
                                       UPDATED_DATE, CUSTOMER_ID, STATUS)
        values (#{id,jdbcType=DECIMAL}, #{userLoginName,jdbcType=VARCHAR}, #{assigneeTime,jdbcType=TIMESTAMP},
                #{orderStyle,jdbcType=VARCHAR}, #{serialNumber,jdbcType=VARCHAR}, #{createdDate,jdbcType=TIMESTAMP},
                #{updatedDate,jdbcType=TIMESTAMP}, #{customerId,jdbcType=DECIMAL}, #{status,jdbcType=DECIMAL})
    </insert>

    <insert id="batchCreate">
        INSERT INTO T_DISPATCH_RECORD (USER_LOGIN_NAME, ASSIGNEE_TIME,
        ORDER_STYLE, SERIAL_NUMBER, CREATED_DATE,
        UPDATED_DATE, CUSTOMER_ID, STATUS)
        SELECT A.* FROM (
        <foreach collection="list" item="item" index="index" separator="union all">
            select
            #{item.userLoginName,jdbcType=VARCHAR},
            now() as ASSIGNEE_TIME,
            #{item.orderStyle,jdbcType=VARCHAR},
            #{item.serialNumber,jdbcType=VARCHAR},
            now() as CREATED_DATE,
            now() as UPDATED_DATE,
            #{item.customerId,jdbcType=VARCHAR},
            #{item.status,jdbcType = INTEGER}
            FROM dual
        </foreach>
        ) A
    </insert>

    <update id="modifyStatus">
        UPDATE T_DISPATCH_RECORD
        SET STATUS      = 1,
            UPDATED_DATE=now()
        where id = (
            select temp.requestId
            from (
                     select MAX(ID) as requestId
                     from T_DISPATCH_RECORD
                     where SERIAL_NUMBER = #{serialNumber}
                       AND USER_LOGIN_NAME = #{loginName}
                       AND ORDER_STYLE = #{orderStyle}
                       AND STATUS = 0
                 ) as temp
        )
    </update>

    <select id="queryPendingCount" resultType="java.lang.Integer">
        with cte as (
            select SERIAL_NUMBER, ORDER_STYLE
            from t_dispatch_record
            where USER_LOGIN_NAME = #{loginName}
              and STATUS = 1
        )
        select count(1)
                from (
                         select cast(cte.serial_number as SIGNED) as kyc_id
                         from cte
                         where cte.ORDER_STYLE = 'KYC'
                     ) kyc
                         left join t_kyc_request tkr on tkr.id = kyc.kyc_id
                where tkr.STATUS = 0
    </select>

    <select id="queryCountBySerialNumber" resultType="java.lang.Integer">
        select count(1)
        from (select SERIAL_NUMBER
              from t_dispatch_record
              where SERIAL_NUMBER = #{serialNumber}
                AND ORDER_STYLE = 'KYC') tmp
                 inner join t_kyc_request tkr on tkr.id = cast(tmp.serial_number as SIGNED)
    </select>

    <select id="queryPbcCountBySerialNumber" resultType="java.lang.Integer">
        select count(1)
        from (select SERIAL_NUMBER
              from t_dispatch_record
              where SERIAL_NUMBER = #{serialNumber}
                AND ORDER_STYLE = 'PBC') tmp
                 inner join t_kyc_request tkr on tkr.id = cast(tmp.serial_number as SIGNED)
    </select>
</mapper>