<?xml version="1.0" encoding="UTF-8" ?>
<!DOCTYPE mapper PUBLIC "-//mybatis.org//DTD Mapper 3.0//EN" "http://mybatis.org/dtd/mybatis-3-mapper.dtd" >
<mapper namespace="com.riskcontrol.cron.mapper.OddNumbersGenDao">
    <resultMap id="OddNumbersGenResultMap" type="com.cn.schema.request.WSOddNumbersGen">
        <id column="id" property="id" jdbcType="INTEGER"/>
        <result column="serial_type" property="serialType" jdbcType="VARCHAR"/>
        <result column="request_type" property="requestType" jdbcType="VARCHAR"/>
        <result column="product_id" property="productId" jdbcType="VARCHAR"/>
        <result column="time_str" property="timeStr" jdbcType="VARCHAR"/>
        <result column="special_str" property="specialStr" jdbcType="VARCHAR"/>
        <result column="serial_number" property="serialNumber" jdbcType="VARCHAR"/>
        <result column="last_updated_date" property="lastUpdatedDate" jdbcType="DATE"/>
        <result column="created_date" property="createdDate" jdbcType="DATE"/>
        <result column="remarks" property="remarks" jdbcType="VARCHAR"/>
    </resultMap>
    <sql id="OddNumbersGen_Column_List">
         serial_type,request_type,product_id,time_str,special_str,serial_number,last_updated_date,created_date,remarks
         ,id
    </sql>
    <sql id="OddNumbersGen_Query_sql">
        <if test="serialType != null  and serialType != ''">
            and serial_type= #{serialType}
        </if>
        <if test="requestType != null  and requestType != ''">
            and request_type= #{requestType}
        </if>
        <if test="productId != null  and productId != ''">
            and product_id= #{productId}
        </if>
        <if test="timeStr != null  and timeStr != ''">
            and time_str= #{timeStr}
        </if>
        <if test="specialStr != null  and specialStr != ''">
            and special_str= #{specialStr}
        </if>
        <if test="serialNumber != null  and serialNumber != ''">
            and serial_number= #{serialNumber}
        </if>
        <if test="lastUpdatedDateBegin != null and lastUpdatedDateBegin != ''">
            and last_updated_date<![CDATA[>=]]> str_to_date(#{lastUpdatedDateBegin},'%Y-%m-%d %H:%i:%S')
        </if>
        <if test="lastUpdatedDateEnd != null and lastUpdatedDateEnd != ''">
            and last_updated_date<![CDATA[<=]]> str_to_date(#{lastUpdatedDateEnd},'%Y-%m-%d %H:%i:%S')
        </if>
        <if test="createdDateBegin != null and createdDateBegin != ''">
            and created_date<![CDATA[>=]]> str_to_date(#{createdDateBegin},'%Y-%m-%d %H:%i:%S')
        </if>
        <if test="createdDateEnd != null and createdDateEnd != ''">
            and created_date<![CDATA[<=]]> str_to_date(#{createdDateEnd},'%Y-%m-%d %H:%i:%S')
        </if>
        <if test="remarks != null  and remarks != ''">
            and remarks= #{remarks}
        </if>
        <if test="id != null  and id != ''">
            and id= #{id}
        </if>
    </sql>

    <select id="queryPageOddNumbersGenByCondition" resultMap="OddNumbersGenResultMap" parameterType="com.cn.schema.request.WSQueryOddNumbersGen">
        select
        <include refid="OddNumbersGen_Column_List"/>
        from t_odd_numbers_gen WHERE 1 =1
        <if test="_parameter != null">
            <include refid="OddNumbersGen_Query_sql"/>
            <if test="order != null and order!=''">
                order by ${order}
            </if>
        </if>
        LIMIT #{pageNum},#{pageSize}
    </select>

    <select id="countOddNumbersGenByCondition" parameterType="com.cn.schema.request.WSQueryOddNumbersGen" resultType="java.lang.Integer">
        select count(*) from t_odd_numbers_gen WHERE 1 =1
        <if test="_parameter != null">
            <include refid="OddNumbersGen_Query_sql"/>
        </if>
    </select>


    <select id="loadOddNumbersGenById" resultMap="OddNumbersGenResultMap" parameterType="map">
        SELECT
        <include refid="OddNumbersGen_Column_List"/>
        FROM t_odd_numbers_gen
        WHERE 1=1
        and id = #{id,jdbcType=INTEGER}
    </select>


    <select id="lockAndLoadOddNumbersGenByType" resultMap="OddNumbersGenResultMap" parameterType="map">
        SELECT
        <include refid="OddNumbersGen_Column_List"/>
        FROM t_odd_numbers_gen
        WHERE 1=1
        and product_id = #{productId,jdbcType=VARCHAR}
        and request_type = #{requestType,jdbcType=VARCHAR}
        and serial_type = #{serialType,jdbcType=VARCHAR} for update
    </select>

    <select id="loadOddNumbersGenByType" resultMap="OddNumbersGenResultMap" parameterType="map">
        SELECT
        <include refid="OddNumbersGen_Column_List"/>
        FROM t_odd_numbers_gen
        WHERE 1=1
        and product_id = #{productId,jdbcType=VARCHAR}
        and request_type = #{requestType,jdbcType=VARCHAR}
        and serial_type = #{serialType,jdbcType=VARCHAR}
    </select>

    <update id="modifyOddNumbersGen" parameterType="com.cn.schema.request.WSOddNumbersGen">
        UPDATE t_odd_numbers_gen
        SET
        <if test="serialType != null and serialType!=''">
            serial_type = #{serialType,jdbcType=VARCHAR},
        </if>
        <if test="requestType != null and requestType!=''">
            request_type = #{requestType,jdbcType=VARCHAR},
        </if>
        <if test="productId != null and productId!=''">
            product_id = #{productId,jdbcType=VARCHAR},
        </if>
        <if test="timeStr != null and timeStr!=''">
            time_str = #{timeStr,jdbcType=VARCHAR},
        </if>
        <if test="specialStr != null and specialStr!=''">
            special_str = #{specialStr,jdbcType=VARCHAR},
        </if>
        <if test="serialNumber != null and serialNumber!=''">
            serial_number = #{serialNumber,jdbcType=VARCHAR},
        </if>
        <if test="remarks != null and remarks!=''">
            remarks = #{remarks,jdbcType=VARCHAR},
        </if>
        last_updated_date = now()
        WHERE 1=1
        and id = #{id,jdbcType=INTEGER}
    </update>

    <insert id="createOddNumbersGen" parameterType="com.cn.schema.request.WSOddNumbersGen">
        insert into t_odd_numbers_gen
        <trim prefix="(" suffix=")" suffixOverrides=",">
            <if test="serialType != null and serialType!=''">
                serial_type,
            </if>
            <if test="requestType != null and requestType!=''">
                request_type,
            </if>
            <if test="productId != null and productId!=''">
                product_id,
            </if>
            <if test="timeStr != null and timeStr!=''">
                time_str,
            </if>
            <if test="specialStr != null and specialStr!=''">
                special_str,
            </if>
            <if test="serialNumber != null and serialNumber!=''">
                serial_number,
            </if>
            <if test="remarks != null and remarks!=''">
                remarks,
            </if>
            created_date,
        </trim>
        <trim prefix="values (" suffix=")" suffixOverrides=",">
            <if test="serialType != null and serialType!=''">
                #{serialType,jdbcType=VARCHAR},
            </if>
            <if test="requestType != null and requestType!=''">
                #{requestType,jdbcType=INTEGER},
            </if>
            <if test="productId != null and productId!=''">
                #{productId,jdbcType=VARCHAR},
            </if>
            <if test="timeStr != null and timeStr!=''">
                #{timeStr,jdbcType=VARCHAR},
            </if>
            <if test="specialStr != null and specialStr!=''">
                #{specialStr,jdbcType=VARCHAR},
            </if>
            <if test="serialNumber != null and serialNumber!=''">
                #{serialNumber,jdbcType=VARCHAR},
            </if>
            <if test="remarks != null and remarks!=''">
                #{remarks,jdbcType=VARCHAR},
            </if>
            now(),
        </trim>
        <selectKey keyProperty="id" resultType="java.lang.String" order="AFTER">
            select LAST_INSERT_ID()
        </selectKey>
    </insert>
</mapper>