<?xml version="1.0" encoding="UTF-8" ?>
<!DOCTYPE mapper PUBLIC "-//mybatis.org//DTD Mapper 3.0//EN" "http://mybatis.org/dtd/mybatis-3-mapper.dtd" >
<mapper namespace="com.riskcontrol.cron.mapper.ProductConstantDao">
    <resultMap id="BaseResultMap" type="com.cn.schema.products.WSProductConstants">
        <id column="id" property="id" jdbcType="BIGINT"/>
        <result column="product_id" property="productId" jdbcType="VARCHAR"/>
        <result column="p_key" property="key" jdbcType="VARCHAR"/>
        <result column="p_value" property="value" jdbcType="VARCHAR"/>
        <result column="created_by" property="createdBy" jdbcType="VARCHAR"/>
        <result column="created_date" property="createdDate" jdbcType="DATE"/>
        <result column="last_update" property="lastUpdate" jdbcType="DATE"/>
        <result column="last_updated_by" property="lastUpdatedBy" jdbcType="VARCHAR"/>
        <result column="reserve1" property="reserve1" jdbcType="VARCHAR"/>
        <result column="reserve2" property="reserve2" jdbcType="VARCHAR"/>
        <result column="reserve3" property="reserve3" jdbcType="VARCHAR"/>
        <result column="p_type" property="type" jdbcType="VARCHAR"/>
        <result column="remarks" property="remarks" jdbcType="VARCHAR"/>
        <result column="ip_address" property="ipAddress" jdbcType="VARCHAR"/>
    </resultMap>
    <sql id="Base_Column_List">
        id
        ,product_id,p_key,p_value,create_by,create_time,update_time,update_by,p_type,remarks,ip_address
    </sql>
    <sql id="Condition_Query_sql">
        <if test="productId != null  and productId != ''">
            <bind name="productIdArray" value="productId.split(';')"/>
            and product_id in
            <foreach item="item" index="index" collection="productIdArray" open="(" separator="," close=")">
                #{item}
            </foreach>
        </if>
        <if test="key != null  and key != ''">
            and p_key= #{key}
        </if>
        <if test="value != null  and value != ''">
            and p_value= #{value}
        </if>
        <if test="createdBy != null  and createdBy != ''">
            and created_by= #{createdBy}
        </if>
        <if test="createdDateBegin != null and createdDateBegin != ''">
            and created_date<![CDATA[>=]]> str_to_date(#{createdDateBegin},'%Y-%m-%d %H:%i:%S')
        </if>
        <if test="createdDateEnd != null and createdDateEnd != ''">
            and created_date<![CDATA[<=]]> str_to_date(#{createdDateEnd},'%Y-%m-%d %H:%i:%S')
        </if>
        <if test="lastUpdateBegin != null and lastUpdateBegin != ''">
            and last_update<![CDATA[>=]]> str_to_date(#{lastUpdateBegin},'%Y-%m-%d %H:%i:%S')
        </if>
        <if test="lastUpdateEnd != null and lastUpdateEnd != ''">
            and last_update<![CDATA[<=]]> str_to_date(#{lastUpdateEnd},'%Y-%m-%d %H:%i:%S')
        </if>
        <if test="lastUpdatedBy != null  and lastUpdatedBy != ''">
            and last_updated_by= #{lastUpdatedBy}
        </if>
        <if test="type != null  and type != ''">
            and p_type= #{type}
        </if>
        <if test="id != null  and id != ''">
            and id= #{id}
        </if>
    </sql>

    <select id="queryPageByCondition" resultMap="BaseResultMap"
            parameterType="com.cn.schema.products.WSQueryProductConstants">
        select
        <include refid="Base_Column_List"/>
        from T_PRODUCT_CONSTANTS WHERE 1 =1
        <if test="_parameter != null">
            <include refid="Condition_Query_sql"/>
            <if test="order != null and order!=''">
                order by ${order}
            </if>
        </if>
        <if test="pageNum >=0 and pageSize > 0">
            LIMIT #{pageNum},#{pageSize}
        </if>
    </select>

    <select id="countByCondition" parameterType="com.cn.schema.products.WSQueryProductConstants"
            resultType="java.lang.Integer">
        select count(*) from T_PRODUCT_CONSTANTS WHERE 1 =1
        <if test="_parameter != null">
            <include refid="Condition_Query_sql"/>
        </if>
    </select>

    <select id="loadById" resultMap="BaseResultMap"
            parameterType="java.lang.String">
        SELECT
        <include refid="Base_Column_List"/>
        FROM T_PRODUCT_CONSTANTS
        WHERE id = #{id,jdbcType=BIGINT}
    </select>

    <select id="loadByPKey" resultMap="BaseResultMap"
            parameterType="map">
        SELECT
        <include refid="Base_Column_List"/>
        FROM T_PRODUCT_CONSTANTS
        WHERE product_Id = #{productId,jdbcType=VARCHAR}
        and p_type = #{pType,jdbcType=VARCHAR}
        and p_key= #{pKey,jdbcType=VARCHAR}
    </select>

    <delete id="delete" parameterType="java.lang.String">
        DELETE
        T_PRODUCT_CONSTANTS
        WHERE  id =
        #{id,jdbcType=BIGINT}
    </delete>

    <update id="modify" parameterType="com.cn.schema.products.WSProductConstants">
        UPDATE T_PRODUCT_CONSTANTS
        SET
        <if test="productId != null and productId!=''">
            product_id = #{productId,jdbcType=VARCHAR},
        </if>
        <if test="value != null and value!=''">
            p_value = #{value,jdbcType=VARCHAR},
        </if>
        <if test="lastUpdatedBy != null and lastUpdatedBy!=''">
            last_updated_by = #{lastUpdatedBy,jdbcType=VARCHAR},
        </if>
        <if test="reserve1 != null and reserve1!=''">
            reserve1 = #{reserve1,jdbcType=VARCHAR},
        </if>
        <if test="reserve2 != null and reserve2!=''">
            reserve2 = #{reserve2,jdbcType=VARCHAR},
        </if>
        <if test="reserve3 != null and reserve3!=''">
            reserve3 = #{reserve3,jdbcType=VARCHAR},
        </if>
        <if test="type != null and type!=''">
            p_type = #{type,jdbcType=VARCHAR},
        </if>
        <if test="remarks != null and remarks!=''">
            remarks = #{remarks,jdbcType=VARCHAR},
        </if>
        <if test="ipAddress != null and ipAddress!=''">
            ip_address = #{ipAddress,jdbcType=VARCHAR},
        </if>
        last_update = now()
        WHERE id = #{id,jdbcType=BIGINT}
    </update>

    <insert id="create" parameterType="com.cn.schema.products.WSProductConstants">
        insert into T_PRODUCT_CONSTANTS
        <trim prefix="(" suffix=")" suffixOverrides=",">
            <if test="productId != null and productId!=''">
                product_id,
            </if>
            <if test="key != null and key!=''">
                p_key,
            </if>
            <if test="value != null and value!=''">
                p_value,
            </if>
            <if test="createdBy != null and createdBy!=''">
                created_by,
            </if>
            <if test="createdDate != null and createdDate!=''">
                created_date,
            </if>
            <if test="lastUpdate != null and lastUpdate!=''">
                last_update,
            </if>
            <if test="lastUpdatedBy != null and lastUpdatedBy!=''">
                last_updated_by,
            </if>
            <if test="reserve1 != null and reserve1!=''">
                reserve1,
            </if>
            <if test="reserve2 != null and reserve2!=''">
                reserve2,
            </if>
            <if test="reserve3 != null and reserve3!=''">
                reserve3,
            </if>
            <if test="type != null and type!=''">
                p_type,
            </if>
            <if test="remarks != null and remarks!=''">
                remarks,
            </if>
            <if test="ipAddress != null and ipAddress!=''">
                ip_address,
            </if>
        </trim>
        <trim prefix="values (" suffix=")" suffixOverrides=",">
            <if test="productId != null and productId!=''">
                #{productId,jdbcType=VARCHAR},
            </if>
            <if test="key != null and key!=''">
                #{key,jdbcType=VARCHAR},
            </if>
            <if test="value != null and value!=''">
                #{value,jdbcType=VARCHAR},
            </if>
            <if test="createdBy != null and createdBy!=''">
                #{createdBy,jdbcType=VARCHAR},
            </if>
            <if test="createdDate != null and createdDate!=''">
                str_to_date(#{createdDate},'%Y-%m-%d %H:%i:%S'),
            </if>
            <if test="lastUpdate != null and lastUpdate!=''">
                str_to_date(#{lastUpdate},'%Y-%m-%d %H:%i:%S'),
            </if>
            <if test="lastUpdatedBy != null and lastUpdatedBy!=''">
                #{lastUpdatedBy,jdbcType=VARCHAR},
            </if>
            <if test="reserve1 != null and reserve1!=''">
                #{reserve1,jdbcType=VARCHAR},
            </if>
            <if test="reserve2 != null and reserve2!=''">
                #{reserve2,jdbcType=VARCHAR},
            </if>
            <if test="reserve3 != null and reserve3!=''">
                #{reserve3,jdbcType=VARCHAR},
            </if>
            <if test="type != null and type!=''">
                #{type,jdbcType=VARCHAR},
            </if>
            <if test="remarks != null and remarks!=''">
                #{remarks,jdbcType=VARCHAR},
            </if>
            <if test="ipAddress != null and ipAddress!=''">
                #{ipAddress,jdbcType=VARCHAR},
            </if>
        </trim>
        <selectKey keyProperty="id" resultType="java.lang.String" order="AFTER">
            select LAST_INSERT_ID()
        </selectKey>
    </insert>

    <select id="getProductConstantKey" parameterType="map" resultType="String">
        SELECT P_VALUE
        FROM T_PRODUCT_CONSTANTS PC
        WHERE PC.PRODUCT_ID = #{productId}
          AND PC.P_KEY = 'AAC001'
    </select>

    <select id="getValueByKey" parameterType="map" resultType="String">
        SELECT P_VALUE
        FROM T_PRODUCT_CONSTANTS PC
        <where>
            <if test="productId != null and productId != ''">
                PC.PRODUCT_ID = #{productId}
            </if>
            <if test="pKey != null and pKey != ''">
                AND PC.P_KEY = #{pKey}
            </if>
            <if test="pType != null and pType != ''">
                AND pc.P_TYPE=#{pType}
            </if>
        </where>
    </select>

    <select id="getAgLineAndRate" parameterType="map" resultMap="BaseResultMap">
        select * from T_PRODUCT_CONSTANTS where p_type in
        <bind name="typeArray" value="types.split(',')"/>
        <foreach collection="typeArray" item="item" open="(" separator="," close=")">
            #{item}
        </foreach>
        and product_id=#{productId}
    </select>

    <select id="queryByKeys" resultType="com.cn.schema.products.WSProductConstants">
        select P_VALUE as value,P_KEY as key from T_PRODUCT_CONSTANTS
        where P_TYPE = #{pType}
        and PRODUCT_ID =#{productId}
        and P_KEY in
        <foreach collection="pKeys" item="item" open="(" close=")" separator=",">
            #{item}
        </foreach>
    </select>
</mapper>