<?xml version="1.0" encoding="UTF-8"?>
<!DOCTYPE mapper PUBLIC "-//mybatis.org//DTD Mapper 3.0//EN" "http://mybatis.org/dtd/mybatis-3-mapper.dtd">
<mapper namespace="com.riskcontrol.cron.mapper.TPbcCrawlerResultNewMapper">
  <resultMap id="BaseResultMap" type="com.riskcontrol.cron.entity.TPbcCrawlerResultNew">
    <!--@mbg.generated-->
    <!--@Table t_pbc_crawler_result_new-->
    <result column="id" property="id" jdbcType="BIGINT"/>
    <result column="first_name" jdbcType="VARCHAR" property="firstName" />
    <result column="middle_name" jdbcType="VARCHAR" property="middleName" />
    <result column="last_name" jdbcType="VARCHAR" property="lastName" />
    <result column="birth_date" jdbcType="VARCHAR" property="birthDate" />
    <result column="guest_ext_id" jdbcType="VARCHAR" property="guestExtId" />
    <result column="is_banned" jdbcType="TINYINT" property="isbanned" />
    <result column="create_date" jdbcType="TIMESTAMP" property="createDate" />
    <result column="update_date" jdbcType="TIMESTAMP" property="updateDate" />
    <result column="update_date" jdbcType="TIMESTAMP" property="updateDate" />
    <result column="date_created" jdbcType="TIMESTAMP" property="dateCreated" />
    <result column="source" jdbcType="VARCHAR" property="source" />
  </resultMap>
  <sql id="Base_Column_List">
    <!--@mbg.generated-->
    id, first_name, middle_name, last_name, birth_date, guest_ext_id, is_banned, create_date,
    update_date,date_created, source
  </sql>
</mapper>