<?xml version="1.0" encoding="UTF-8"?>
<configuration scan="false" scanPeriod="10 seconds" debug="false">
    <springProperty name="LOG_MASK_ENABLED" scope="context" source="log.mask.enabled" defaultValue="true"/>
    <springProperty name="LOG_HOME" scope="context" source="log.file.path" defaultValue="/log/riskcontrol-cron"/>
    <springProperty name="LOG_LEVEL" scope="context" source="log.level" defaultValue="info"/>
    <!-- add LOG_FORMAT-->
    <springProperty name="LOG_FORMAT" scope="context" source="log.format" defaultValue="file"/>
    <springProperty name="LOG_APP_NAME" scope="context" source="server.model.name" defaultValue=""/>
    <springProperty name="LOG_MASK_ENABLED" scope="context" source="log.mask.enabled" defaultValue=""/>
    <!-- 日志格式 -->
    <property name="CONSOLE_LOG_PATTERN" value="%d{yyyy-MM-dd HH:mm:ss.SSS}の[${LOG_APP_NAME}]の[%X{uuid}]の[%tid]の[%le]の[%C]:[%t]:[%F]:[%L]:[%msg%ex]の%n"/>

    <conversionRule conversionWord="tid" converterClass="org.apache.skywalking.apm.toolkit.log.logback.v1.x.LogbackPatternConverter"></conversionRule>

    <appender name="console" class="ch.qos.logback.core.ConsoleAppender">
        <!-- add json logger condition  K8S下JSON格式-->
        <if condition='property("LOG_FORMAT").equals("json")'>
            <then>
                <encoder class="net.logstash.logback.encoder.LoggingEventCompositeJsonEncoder">
                    <providers>
                        <pattern>
                            <omitEmptyFields>true</omitEmptyFields>
                            <pattern>{"time":"%date{yyyy-MM-dd HH:mm:ss.SSS}","logger": "%logger","level": "%level","thread": "%thread","stack":"%class:%L[%method]","stackTrace":"%ex","appname":"${LOG_APP_NAME}","uuid":"%mdc{uuid}","traceId":"%tid"}</pattern>
                        </pattern>
                        <provider class="net.logstash.logback.composite.loggingevent.MessageJsonProvider"></provider>
                    </providers>
                </encoder>
            </then>
            <else>
                <encoder class="ch.qos.logback.core.encoder.LayoutWrappingEncoder">
                    <layout class="ch.qos.logback.classic.PatternLayout">
                        <pattern>${CONSOLE_LOG_PATTERN}</pattern>
                    </layout>
                </encoder>

            </else>
        </if>
    </appender>


        <!--</logger>-->
    <root level="${LOG_LEVEL}">
        <appender-ref ref="console"/>
    </root>

</configuration>
