<?xml version="1.0" encoding="UTF-8"?>
<metadata modelVersion="1.1.0">
  <groupId>com.digiplus</groupId>
  <artifactId>seamless-base</artifactId>
  <version>20240510-SIP-SNAPSHOT</version>
  <versioning>
    <snapshot>
      <timestamp>20240523.071917</timestamp>
      <buildNumber>5</buildNumber>
    </snapshot>
    <lastUpdated>20240523071917</lastUpdated>
    <snapshotVersions>
      <snapshotVersion>
        <extension>pom</extension>
        <value>20240510-SIP-20240523.071917-5</value>
        <updated>20240523071917</updated>
      </snapshotVersion>
      <snapshotVersion>
        <extension>jar</extension>
        <value>20240510-SIP-20240523.071917-5</value>
        <updated>20240523071917</updated>
      </snapshotVersion>
    </snapshotVersions>
  </versioning>
</metadata>
