<?xml version="1.0" encoding="UTF-8"?>
<metadata modelVersion="1.1.0">
  <groupId>com.digiplus</groupId>
  <artifactId>seamless-common</artifactId>
  <version>20240812-common-week-01-SNAPSHOT</version>
  <versioning>
    <snapshot>
      <timestamp>20240820.092644</timestamp>
      <buildNumber>3</buildNumber>
    </snapshot>
    <lastUpdated>20240820092644</lastUpdated>
    <snapshotVersions>
      <snapshotVersion>
        <extension>pom</extension>
        <value>20240812-common-week-01-20240820.092644-3</value>
        <updated>20240820092644</updated>
      </snapshotVersion>
      <snapshotVersion>
        <extension>jar</extension>
        <value>20240812-common-week-01-20240820.092644-3</value>
        <updated>20240820092644</updated>
      </snapshotVersion>
    </snapshotVersions>
  </versioning>
</metadata>
