<?xml version="1.0" encoding="UTF-8"?>
<!DOCTYPE mapper PUBLIC "-//mybatis.org//DTD Mapper 3.0//EN" "http://mybatis.org/dtd/mybatis-3-mapper.dtd">
<mapper namespace="com.riskcontrol.office.mapper.TPbcDeployMapper">
  <resultMap id="BaseResultMap" type="com.riskcontrol.office.domain.entity.TPbcDeploy">
    <!--@mbg.generated-->
    <!--@Table t_pbc_deploy-->
    <id column="id" jdbcType="BIGINT" property="id" />
    <result column="system_id" jdbcType="VARCHAR" property="systemId" />
    <result column="system_name" jdbcType="VARCHAR" property="systemName" />
    <result column="main_address" jdbcType="VARCHAR" property="mainAddress" />
    <result column="sub_address" jdbcType="VARCHAR" property="subAddress" />
    <result column="user_name" jdbcType="VARCHAR" property="userName" />
    <result column="password" jdbcType="VARCHAR" property="password" />
    <result column="start_time" jdbcType="VARCHAR" property="startTime" />
    <result column="end_time" jdbcType="VARCHAR" property="endTime" />
    <result column="frequency" jdbcType="INTEGER" property="frequency" />
    <result column="status" jdbcType="INTEGER" property="status" />
    <result column="create_date" jdbcType="TIMESTAMP" property="createDate" />
    <result column="create_by" jdbcType="VARCHAR" property="createBy" />
    <result column="update_date" jdbcType="TIMESTAMP" property="updateDate" />
    <result column="update_by" jdbcType="VARCHAR" property="updateBy" />
    <result column="delete_date" jdbcType="TIMESTAMP" property="deleteDate" />
    <result column="delete_by" jdbcType="VARCHAR" property="deleteBy" />
    <result column="is_valid" jdbcType="VARCHAR" property="isValid" />
  </resultMap>
  <sql id="Base_Column_List">
    <!--@mbg.generated-->
    id, system_id, system_name, main_address, sub_address, user_name, `password`, start_time, 
    end_time, frequency, `status`, create_date, create_by, update_date, update_by, delete_date, 
    delete_by, is_valid
  </sql>
</mapper>