<?xml version="1.0" encoding="UTF-8"?>
<!DOCTYPE mapper PUBLIC "-//mybatis.org//DTD Mapper 3.0//EN" "http://mybatis.org/dtd/mybatis-3-mapper.dtd">
<mapper namespace="com.riskcontrol.office.mapper.TSysConstantsMapper">
  <resultMap id="BaseResultMap" type="com.riskcontrol.office.domain.entity.TSysConstants">
    <!--@mbg.generated-->
    <!--@Table t_sys_constants-->
    <id column="id" jdbcType="BIGINT" property="id" />
    <result column="product_id" jdbcType="VARCHAR" property="productId" />
    <result column="s_key" jdbcType="VARCHAR" property="sKey" />
    <result column="s_value" jdbcType="VARCHAR" property="sValue" />
    <result column="s_type" jdbcType="VARCHAR" property="sType" />
    <result column="remarks" jdbcType="VARCHAR" property="remarks" />
    <result column="is_enable" jdbcType="TINYINT" property="isEnable" />
    <result column="is_deleted" jdbcType="TINYINT" property="isDeleted" />
    <result column="create_by" jdbcType="VARCHAR" property="createBy" />
    <result column="create_time" jdbcType="TIMESTAMP" property="createTime" />
    <result column="update_by" jdbcType="VARCHAR" property="updateBy" />
    <result column="update_time" jdbcType="TIMESTAMP" property="updateTime" />
  </resultMap>
  <sql id="Base_Column_List">
    <!--@mbg.generated-->
    id, product_id, s_key, s_value, s_type, remarks, is_enable, is_deleted, create_by, 
    create_time, update_by, update_time
  </sql>
</mapper>