<?xml version="1.0" encoding="UTF-8" ?>
<!DOCTYPE mapper PUBLIC "-//mybatis.org//DTD Mapper 3.0//EN" "http://mybatis.org/dtd/mybatis-3-mapper.dtd" >
<mapper namespace="com.riskcontrol.cron.mapper.KycRequestProcessLogDao">
    <resultMap id="BaseResultMap" type="com.cn.schema.customers.WSKycRequestProcessLog">
        <id column="ID" jdbcType="BIGINT" property="id" />
        <result column="LAST_STAUTS" jdbcType="BIGINT" property="lastStauts" />
        <result column="KYC_REQUEST_ID" jdbcType="VARCHAR" property="kycRequestId" />
        <result column="REMARK" jdbcType="VARCHAR" property="remark" />
        <result column="CREATE_TIME" jdbcType="TIMESTAMP" property="createTime" />
        <result column="DISPATCH_BY" jdbcType="VARCHAR" property="dispatchBy" />
        <result column="TYPE" jdbcType="VARCHAR" property="type" />
    </resultMap>
    <resultMap id="RiskBaseResultMap" type="com.riskcontrol.common.entity.response.kyc.RiskKycRequestProcessLogResponse">
        <id column="ID" jdbcType="BIGINT" property="id" />
        <result column="LAST_STAUTS" jdbcType="BIGINT" property="lastStauts" />
        <result column="KYC_REQUEST_ID" jdbcType="VARCHAR" property="kycRequestId" />
        <result column="REMARK" jdbcType="VARCHAR" property="remark" />
        <result column="CREATE_TIME" jdbcType="VARCHAR" property="createTime" />
        <result column="DISPATCH_BY" jdbcType="VARCHAR" property="dispatchBy" />
        <result column="TYPE" jdbcType="VARCHAR" property="type" />
    </resultMap>
    <sql id="Base_Column_List">
        ID,
            LAST_STAUTS,
            KYC_REQUEST_ID,
            REMARK,
            CREATE_TIME,
            DISPATCH_BY,
            TYPE
    </sql>



    <select id="queryPageByKycRequestId" resultMap="BaseResultMap">
        select   <include refid="Base_Column_List"/>
        from T_KYC_REQUEST_PROCESS_LOG
        where KYC_REQUEST_ID = #{kycRequestId} order by CREATE_TIME desc
    </select>
    <select id="riskQueryPageByKycRequestId" resultMap="RiskBaseResultMap">
        select   <include refid="Base_Column_List"/>
        from T_KYC_REQUEST_PROCESS_LOG
        where KYC_REQUEST_ID = #{kycRequestId} order by CREATE_TIME desc
    </select>
    <update id="updateStatusByKycId">
        update T_KYC_REQUEST_PROCESS_LOG
        set LAST_STAUTS=1
        where KYC_REQUEST_ID = #{kycRequestId}
          and LAST_STAUTS = 0
    </update>
    <insert id="insert" parameterType="com.cn.schema.customers.WSKycRequestProcessLog">
        insert into T_KYC_REQUEST_PROCESS_LOG
        <trim prefix="(" suffix=")" suffixOverrides=",">
            <if test="lastStauts != null">
                LAST_STAUTS,
            </if>
            <if test="kycRequestId != null and kycRequestId != ''">
                KYC_REQUEST_ID,
            </if>
            <if test="remark != null and remark != ''">
                REMARK,
            </if>
            <if test="dispatchBy != null and dispatchBy != ''">
                DISPATCH_BY,
            </if>
            <if test="createTime != null ">
                CREATE_TIME,
            </if>
            <if test="type != null and type != ''">
                TYPE,
            </if>
        </trim>
        <trim prefix="values (" suffix=")" suffixOverrides=",">
            <if test="lastStauts != null ">
                #{lastStauts,jdbcType=INTEGER},
            </if>
            <if test="kycRequestId != null and kycRequestId != ''">
                #{kycRequestId,jdbcType=VARCHAR},
            </if>
            <if test="remark != null and remark != ''">
                #{remark,jdbcType=VARCHAR},
            </if>
            <if test="dispatchBy != null and dispatchBy != ''">
                #{dispatchBy,jdbcType=VARCHAR},
            </if>
            <if test="createTime != null">
                str_to_date(date_format(#{createTime}, '%Y-%m-%d %H:%i:%S'), '%Y-%m-%d %H:%i:%S'),
            </if>
            <if test="type != null and type != ''">
                #{type,jdbcType=VARCHAR},
            </if>

        </trim>
        <selectKey keyProperty="id" resultType="java.lang.String" order="AFTER">
            select LAST_INSERT_ID()
        </selectKey>
    </insert>

</mapper>