<?xml version="1.0" encoding="UTF-8" ?>
<!DOCTYPE mapper PUBLIC "-//mybatis.org//DTD Mapper 3.0//EN" "http://mybatis.org/dtd/mybatis-3-mapper.dtd" >
<mapper namespace="com.riskcontrol.cron.mapper.KycRequestDao">
    <resultMap id="BaseResultMap" type="com.riskcontrol.common.entity.pojo.KycRequest">
        <id column="ID" jdbcType="BIGINT" property="id" />
        <result column="CUSTOMER_ID" jdbcType="BIGINT" property="customerId" />
        <result column="LOGIN_NAME" jdbcType="VARCHAR" property="loginName" />
        <result column="PRODUCT_ID" jdbcType="VARCHAR" property="productId" />
        <result column="CREATED_DATE" jdbcType="TIMESTAMP" property="createdDate" />
        <result column="OPEN_DATE" jdbcType="TIMESTAMP" property="openDate" />
        <result column="APPROVED_DATE" jdbcType="TIMESTAMP" property="approvedDate" />
        <result column="PBC_APPROVED_DATE" jdbcType="TIMESTAMP" property="pbcApprovedDate" />
        <result column="CREATED_BY" jdbcType="VARCHAR" property="createdBy" />
        <result column="UPDATE_BY" jdbcType="VARCHAR" property="updateBy" />
        <result column="APPROVED_BY" jdbcType="VARCHAR" property="approvedBy" />
        <result column="PBC_APPROVED_BY" jdbcType="VARCHAR" property="pbcApprovedBy" />
        <result column="UPDATE_DATE" jdbcType="TIMESTAMP" property="updateDate" />
        <result column="ID_TYPE" jdbcType="INTEGER" property="idType" />
        <result column="ID_NO" jdbcType="VARCHAR" property="idNo" />
        <result column="FIRST_NAME" jdbcType="VARCHAR" property="firstName" />
        <result column="MIDDLE_NAME" jdbcType="VARCHAR" property="middleName" />
        <result column="LAST_NAME" jdbcType="VARCHAR" property="lastName" />
        <result column="ID_SCAN" jdbcType="VARCHAR" property="idScan" />
        <result column="REMARK" jdbcType="VARCHAR" property="remark" />
        <result column="STATUS" jdbcType="INTEGER" property="status" />
        <result column="ADDRESS" jdbcType="VARCHAR" property="address" />
        <result column="SEX" jdbcType="VARCHAR" property="sex" />
        <result column="ASSIGNEE_TIME" jdbcType="TIMESTAMP" property="assigneeTime" />
        <result column="ASSIGNEE_BY" jdbcType="VARCHAR" property="assigneeBy" />
        <result column="PBC_STATUS" jdbcType="INTEGER" property="pbcStatus" />
        <result column="BILL_NO" jdbcType="VARCHAR" property="billNo" />
        <result column="PROCESS_LOG" jdbcType="VARCHAR" property="processLog"></result>
        <result column="BIRTHDAY" jdbcType="VARCHAR" property="birthday"></result>
        <result column="DISPATCH_STATUS" jdbcType="VARCHAR" property="dispatchStatus"></result>
        <result column="PRODUCT" jdbcType="VARCHAR" property="product"></result>
        <result column="CHANNEL" jdbcType="VARCHAR" property="channel"></result>
        <result column="REPETATION" jdbcType="VARCHAR" property="repetation"></result>
        <result column="DOUBTFUL" jdbcType="VARCHAR" property="doubtful"></result>
        <result column="EMPLOYER_NAME" jdbcType="VARCHAR" property="employerName"></result>
        <result column="BIRTH_PLACE" jdbcType="VARCHAR" property="birthPlace"></result>

        <result column="PRESENT_ADDRESS" jdbcType="VARCHAR" property="presentAddress"></result>
        <result column="NATIONALITY" jdbcType="VARCHAR" property="nationality"></result>
        <result column="SOURCE_OF_INCOME" jdbcType="VARCHAR" property="sourceOfIncome"></result>
        <result column="NATURE_OF_WORK" jdbcType="VARCHAR" property="natureOfWork"></result>
        <result column="IMG_URL" jdbcType="VARCHAR" property="imgUrl"></result>
    </resultMap>

    <resultMap id="BaseResultMapNew" type="com.riskcontrol.common.entity.pojo.KycRequest">
        <id column="ID" jdbcType="BIGINT" property="id" />
        <result column="CUSTOMER_ID" jdbcType="BIGINT" property="customerId" />
        <result column="LOGIN_NAME" jdbcType="VARCHAR" property="loginName" />
        <result column="PRODUCT_ID" jdbcType="VARCHAR" property="productId" />
        <result column="CREATED_DATE" jdbcType="TIMESTAMP" property="createdDate" />
        <result column="OPEN_DATE" jdbcType="TIMESTAMP" property="openDate" />
        <result column="APPROVED_DATE" jdbcType="TIMESTAMP" property="approvedDate" />
        <result column="CREATED_BY" jdbcType="VARCHAR" property="createdBy" />
        <result column="UPDATE_BY" jdbcType="VARCHAR" property="updateBy" />
        <result column="APPROVED_BY" jdbcType="VARCHAR" property="approvedBy" />
        <result column="UPDATE_DATE" jdbcType="TIMESTAMP" property="updateDate" />
        <result column="ID_TYPE" jdbcType="INTEGER" property="idType" />
        <result column="ID_NO" jdbcType="VARCHAR" property="idNo" />
        <result column="FIRST_NAME" jdbcType="VARCHAR" property="firstName" />
        <result column="MIDDLE_NAME" jdbcType="VARCHAR" property="middleName" />
        <result column="LAST_NAME" jdbcType="VARCHAR" property="lastName" />
        <result column="ID_SCAN" jdbcType="VARCHAR" property="idScan" />
        <result column="REMARK" jdbcType="VARCHAR" property="remark" />
        <result column="STATUS" jdbcType="INTEGER" property="status" />
        <result column="ADDRESS" jdbcType="VARCHAR" property="address" />
        <result column="SEX" jdbcType="VARCHAR" property="sex" />
        <result column="ASSIGNEE_TIME" jdbcType="TIMESTAMP" property="assigneeTime" />
        <result column="ASSIGNEE_BY" jdbcType="VARCHAR" property="assigneeBy" />
        <result column="PBC_STATUS" jdbcType="INTEGER" property="pbcStatus" />
        <result column="BILL_NO" jdbcType="VARCHAR" property="billNo" />
        <result column="PROCESS_LOG" jdbcType="VARCHAR" property="processLog"></result>
        <result column="BIRTHDAY" jdbcType="VARCHAR" property="birthday"></result>
        <result column="DISPATCH_STATUS" jdbcType="VARCHAR" property="dispatchStatus"></result>

        <result column="TYPE" jdbcType="VARCHAR" property="type"></result>
        <result column="DISPATCH_BY" jdbcType="VARCHAR" property="pbcApprovedBy"></result>
        <result column="CREATE_TIME" jdbcType="TIMESTAMP" property="pbcApprovedDate"></result>
        <result column="PRODUCT" jdbcType="VARCHAR" property="product"></result>
        <result column="CHANNEL" jdbcType="VARCHAR" property="channel"></result>
        <result column="REPETATION" jdbcType="VARCHAR" property="repetation"></result>
        <result column="DOUBTFUL" jdbcType="VARCHAR" property="doubtful"></result>
        <result column="EMPLOYER_NAME" jdbcType="VARCHAR" property="employerName"></result>
        <result column="BIRTH_PLACE" jdbcType="VARCHAR" property="birthPlace"></result>

        <result column="PRESENT_ADDRESS" jdbcType="VARCHAR" property="presentAddress"></result>
        <result column="NATIONALITY" jdbcType="VARCHAR" property="nationality"></result>
        <result column="SOURCE_OF_INCOME" jdbcType="VARCHAR" property="sourceOfIncome"></result>
        <result column="NATURE_OF_WORK" jdbcType="VARCHAR" property="natureOfWork"></result>
        <result column="IMG_URL" jdbcType="VARCHAR" property="imgUrl"></result>
    </resultMap>

    <sql id="Base_Column_List">
        ID,
        CUSTOMER_ID,
        LOGIN_NAME,
        PRODUCT_ID,
        FIRST_NAME,
        MIDDLE_NAME,
        LAST_NAME,
        ID_SCAN,
        ID_TYPE,
        REMARK,
        ID_NO,
        STATUS,
        CREATED_DATE,
        CREATED_BY,
        UPDATE_DATE,
        UPDATE_BY,
        ADDRESS,
        SEX,
        COUNTRY,
        OPEN_DATE,
        APPROVED_DATE,
        APPROVED_BY,
        DISPATCH_STATUS,
        ASSIGNEE_TIME,
        ASSIGNEE_BY,
        PBC_STATUS,
        BILL_NO,
        PRODUCT,
        CHANNEL,
        BIRTHDAY,
        REPETATION,
        DOUBTFUL,
        PBC_APPROVED_BY,
        PBC_APPROVED_DATE,
        PROCESS_LOG_TYPE,
        PROCESS_LOG_REMARK,
        EMPLOYER_NAME,
        BIRTH_PLACE,
        PRESENT_ADDRESS,
        NATIONALITY,
        SOURCE_OF_INCOME,
        NATURE_OF_WORK,
        IMG_URL
    </sql>
    <sql id="conditional_query_three">
        <if test="billNo != null and billNo != ''">
            and BILL_NO = #{billNo}
        </if>
        <if test="customerId != null and customerId != ''">
            and CUSTOMER_ID = #{customerId}
        </if>
        <if test="loginName != null and loginName != ''">
            and LOGIN_NAME like CONCAT(#{loginName,jdbcType=VARCHAR},'%')
        </if>
        <if test="productId != null and productId != ''">
            and PRODUCT_ID = #{productId,jdbcType=VARCHAR}
        </if>
        <if test="assigneeDateBegin != null and assigneeDateBegin !=''">
            and ASSIGNEE_TIME <![CDATA[>=]]> str_to_date(#{assigneeDateBegin,jdbcType=VARCHAR},'%Y-%m-%d %H:%i:%S')
        </if>
        <if test="assigneeDateEnd != null and assigneeDateEnd !=''">
            and ASSIGNEE_TIME <![CDATA[<=]]> str_to_date(#{assigneeDateEnd,jdbcType=VARCHAR},'%Y-%m-%d %H:%i:%S')
        </if>
        <if test="statusList != null and statusList != ''">
            <bind name="statusArray" value="statusList.split(';')"/>
            and STATUS in
            <foreach item="item" index="index" collection="statusArray" open="(" separator="," close=")">
                #{item,jdbcType=INTEGER}
            </foreach>
        </if>
        <if test="pbcStatus != null">
            and PBC_STATUS = #{pbcStatus,jdbcType=INTEGER}
        </if>
        <if test="assigneeBy != null and assigneeBy != ''">
            and ASSIGNEE_BY = #{assigneeBy,jdbcType=VARCHAR}
        </if>
    </sql>
    <sql id="conditional_query_second">
        <if test="loginName != null and loginName != ''">
            and LOGIN_NAME = #{loginName,jdbcType=VARCHAR}
        </if>
        <if test="billNo != null and billNo != ''">
            and BILL_NO = #{billNo}
        </if>
        <if test="requestUUID != null and requestUUID != ''">
            and id = #{requestUUID}
        </if>
    </sql>
    <sql id="conditional_query">
        <if test="id != null">
            and id = #{id}
        </if>
        <if test="productId != null and productId != ''">
            and PRODUCT_ID = #{productId,jdbcType=VARCHAR}
        </if>
        <if test="loginName != null and loginName != ''">
            and LOGIN_NAME = #{loginName,jdbcType=VARCHAR}
        </if>
        <if test="customerId != null and customerId != ''">
            and CUSTOMER_ID = #{customerId}
        </if>
        <if test="createdDateBegin != null and createdDateBegin !=''">
            and CREATED_DATE <![CDATA[>=]]> str_to_date(#{createdDateBegin,jdbcType=VARCHAR},'%Y-%m-%d %H:%i:%S')
        </if>
        <if test="createdDateEnd != null and createdDateEnd !=''">
            and CREATED_DATE <![CDATA[<=]]> str_to_date(#{createdDateEnd,jdbcType=VARCHAR},'%Y-%m-%d %H:%i:%S')
        </if>
        <if test="openDateBegin != null and openDateBegin !=''">
            and OPEN_DATE <![CDATA[>=]]> str_to_date(#{openDateBegin,jdbcType=VARCHAR},'%Y-%m-%d %H:%i:%S')
        </if>
        <if test="openDateEnd != null and openDateEnd !=''">
            and OPEN_DATE <![CDATA[<=]]> str_to_date(#{openDateEnd,jdbcType=VARCHAR},'%Y-%m-%d %H:%i:%S')
        </if>
        <if test="approvedDateBegin != null and approvedDateBegin !=''">
            and APPROVED_DATE <![CDATA[>=]]> str_to_date(#{approvedDateBegin,jdbcType=VARCHAR},'%Y-%m-%d %H:%i:%S')
        </if>
        <if test="approvedDateEnd != null and approvedDateEnd !=''">
            and APPROVED_DATE <![CDATA[<=]]> str_to_date(#{approvedDateEnd,jdbcType=VARCHAR},'%Y-%m-%d %H:%i:%S')
        </if>
        <if test="sex != null and sex != ''">
            and SEX = #{sex,jdbcType=VARCHAR}
        </if>
        <if test="idType != null and idType != ''">
            and ID_TYPE = #{idType,jdbcType=INTEGER}
        </if>
        <if test="address != null and address != ''">
            and ADDRESS = #{address,jdbcType=VARCHAR}
        </if>
        <if test="country != null and country != ''">
            and COUNTRY = #{country,jdbcType=VARCHAR}
        </if>
        <if test="assigneeBy != null and assigneeBy != ''">
            and ASSIGNEE_BY = #{assigneeBy,jdbcType=VARCHAR}
        </if>
        <if test="dispatchStatus != null and dispatchStatus == '0'.toString()">
            and (DISPATCH_STATUS IS NULL OR  DISPATCH_STATUS in(0,3))
        </if>

        <if test="assigneeDateBegin != null and assigneeDateBegin !=''">
            and ASSIGNEE_TIME <![CDATA[>=]]> str_to_date(#{assigneeDateBegin,jdbcType=VARCHAR},'%Y-%m-%d %H:%i:%S')
        </if>
        <if test="assigneeDateEnd != null and assigneeDateEnd !=''">
            and ASSIGNEE_TIME <![CDATA[<=]]> str_to_date(#{assigneeDateEnd,jdbcType=VARCHAR},'%Y-%m-%d %H:%i:%S')
        </if>
        <if test="statusList != null and statusList != ''">
            <bind name="statusArray" value="statusList.split(';')"/>
            and STATUS in
            <foreach item="item" index="index" collection="statusArray" open="(" separator="," close=")">
                #{item,jdbcType=INTEGER}
            </foreach>
        </if>
        <if test="billNo != null and billNo != ''">
            and BILL_NO = #{billNo}
        </if>
        <if test="pbcStatus != null">
            and PBC_STATUS = #{pbcStatus,jdbcType=INTEGER}
        </if>
        <if test="birthday != null and birthday != ''">
            and BIRTHDAY = #{birthday}
        </if>
        <if test="firstName != null and firstName != ''">
            and FIRST_NAME = #{firstName}
        </if>
        <if test="middleName != null and middleName != ''">
            and MIDDLE_NAME = #{middleName}
        </if>
        <if test="lastName != null and lastName != ''">
            and LAST_NAME = #{lastName}
        </if>
        <if test="product != null and product != ''">
            and PRODUCT = #{product}
        </if>
        <if test="channel != null and channel != ''">
            and CHANNEL = #{channel}
        </if>
    </sql>
    <sql id="conditional_query_KYC_ASSIGNED">
        <include refid="conditional_query_KYC_PBC"></include>
        <if test="assigneeBy != null and assigneeBy != ''">
            and ( (ASSIGNEE_BY ='c66' and status=1 ) OR  ASSIGNEE_BY =#{assigneeBy,jdbcType=VARCHAR})
        </if>
        and status = 0
    </sql>
    <sql id="conditional_query_KYC_PBC">

        <if test="customerId != null and customerId != ''">
            and CUSTOMER_ID = #{customerId}
        </if>
        <if test="loginName != null and loginName != ''">
            and LOGIN_NAME = #{loginName,jdbcType=VARCHAR}
        </if>
        <if test="productId != null and productId != ''">
            and PRODUCT_ID = #{productId,jdbcType=VARCHAR}
        </if>
        <if test="createdDateBegin != null and createdDateBegin !=''">
            and CREATED_DATE <![CDATA[>=]]> str_to_date(#{createdDateBegin,jdbcType=VARCHAR},'%Y-%m-%d %H:%i:%S')
        </if>
        <if test="createdDateEnd != null and createdDateEnd !=''">
            and CREATED_DATE <![CDATA[<=]]> str_to_date(#{createdDateEnd,jdbcType=VARCHAR},'%Y-%m-%d %H:%i:%S')
        </if>
        <if test="openDateBegin != null and openDateBegin !=''">
            and OPEN_DATE <![CDATA[>=]]> str_to_date(#{openDateBegin,jdbcType=VARCHAR},'%Y-%m-%d %H:%i:%S')
        </if>
        <if test="openDateEnd != null and openDateEnd !=''">
            and OPEN_DATE <![CDATA[<=]]> str_to_date(#{openDateEnd,jdbcType=VARCHAR},'%Y-%m-%d %H:%i:%S')
        </if>
        <if test="approvedDateBegin != null and approvedDateBegin !=''">
            and APPROVED_DATE <![CDATA[>=]]> str_to_date(#{approvedDateBegin,jdbcType=VARCHAR},'%Y-%m-%d %H:%i:%S')
        </if>
        <if test="approvedDateEnd != null and approvedDateEnd !=''">
            and APPROVED_DATE <![CDATA[<=]]> str_to_date(#{approvedDateEnd,jdbcType=VARCHAR},'%Y-%m-%d %H:%i:%S')
        </if>
        <if test="sex != null and sex != ''">
            and SEX = #{sex,jdbcType=VARCHAR}
        </if>
        <if test="idType != null and idType != ''">
            and ID_TYPE = #{idType,jdbcType=INTEGER}
        </if>
        <if test="address != null and address != ''">
            and ADDRESS = #{address,jdbcType=VARCHAR}
        </if>
        <if test="country != null and country != ''">
            and COUNTRY = #{country,jdbcType=VARCHAR}
        </if>
        <if test="dispatchStatus != null and dispatchStatus == '0'.toString()">
            and (DISPATCH_STATUS IS NULL OR  DISPATCH_STATUS in(0,3))
        </if>

        <if test="assigneeDateBegin != null and assigneeDateBegin !=''">
            and ASSIGNEE_TIME <![CDATA[>=]]> str_to_date(#{assigneeDateBegin,jdbcType=VARCHAR},'%Y-%m-%d %H:%i:%S')
        </if>
        <if test="assigneeDateEnd != null and assigneeDateEnd !=''">
            and ASSIGNEE_TIME <![CDATA[<=]]> str_to_date(#{assigneeDateEnd,jdbcType=VARCHAR},'%Y-%m-%d %H:%i:%S')
        </if>
        <if test="statusList != null and statusList != ''">
            <bind name="statusArray" value="statusList.split(';')"/>
            and STATUS in
            <foreach item="item" index="index" collection="statusArray" open="(" separator="," close=")">
                #{item,jdbcType=INTEGER}
            </foreach>
        </if>
        <if test="billNo != null and billNo != ''">
            and BILL_NO = #{billNo}
        </if>
        <if test="pbcStatus != null">
            and PBC_STATUS = #{pbcStatus,jdbcType=INTEGER}
        </if>
        <if test="birthday != null and birthday != ''">
            and BIRTHDAY = #{birthday}
        </if>
        <if test="product != null and product != ''">
            and PRODUCT = #{product}
        </if>
        <if test="channel != null and channel != ''">
            and CHANNEL = #{channel}
        </if>
    </sql>
    <select id="countByCondition" parameterType="com.riskcontrol.common.entity.request.kyc.RiskQueryKycRequest" resultType="Integer">
        select count(*)
        from T_KYC_REQUEST
        <where>
            <include refid="conditional_query"></include>
        </where>
    </select>

    <select id="countOfQueryPageByCondition" parameterType="com.riskcontrol.common.entity.request.kyc.RiskQueryKycRequest" resultType="Integer">
        SELECT
        COUNT(0)
        FROM
        T_KYC_REQUEST
        <where>
            <include refid="conditional_query"></include>
        </where>
    </select>
    <select id="countOfQueryPageByConditionNotLike" parameterType="com.riskcontrol.common.entity.request.kyc.RiskQueryKycRequest" resultType="Integer">
        SELECT
        COUNT(0)
        FROM
        T_KYC_REQUEST
        <where>
            <if test="id != null">
                and id = #{id}
            </if>
            <if test="productId != null and productId != ''">
                and PRODUCT_ID = #{productId,jdbcType=VARCHAR}
            </if>
            <if test="loginName != null and loginName != ''">
                and LOGIN_NAME = #{loginName,jdbcType=VARCHAR}
            </if>
            <if test="customerId != null and customerId != ''">
                and CUSTOMER_ID = #{customerId}
            </if>
            <if test="createdDateBegin != null and createdDateBegin !=''">
                and CREATED_DATE <![CDATA[>=]]> str_to_date(#{createdDateBegin,jdbcType=VARCHAR},'%Y-%m-%d %H:%i:%S')
            </if>
            <if test="createdDateEnd != null and createdDateEnd !=''">
                and CREATED_DATE <![CDATA[<=]]> str_to_date(#{createdDateEnd,jdbcType=VARCHAR},'%Y-%m-%d %H:%i:%S')
            </if>
            <if test="openDateBegin != null and openDateBegin !=''">
                and OPEN_DATE <![CDATA[>=]]> str_to_date(#{openDateBegin,jdbcType=VARCHAR},'%Y-%m-%d %H:%i:%S')
            </if>
            <if test="openDateEnd != null and openDateEnd !=''">
                and OPEN_DATE <![CDATA[<=]]> str_to_date(#{openDateEnd,jdbcType=VARCHAR},'%Y-%m-%d %H:%i:%S')
            </if>
            <if test="approvedDateBegin != null and approvedDateBegin !=''">
                and APPROVED_DATE <![CDATA[>=]]> str_to_date(#{approvedDateBegin,jdbcType=VARCHAR},'%Y-%m-%d %H:%i:%S')
            </if>
            <if test="approvedDateEnd != null and approvedDateEnd !=''">
                and APPROVED_DATE <![CDATA[<=]]> str_to_date(#{approvedDateEnd,jdbcType=VARCHAR},'%Y-%m-%d %H:%i:%S')
            </if>
            <if test="sex != null and sex != ''">
                and SEX = #{sex,jdbcType=VARCHAR}
            </if>
            <if test="idType != null and idType != ''">
                and ID_TYPE = #{idType,jdbcType=INTEGER}
            </if>
            <if test="address != null and address != ''">
                and ADDRESS = #{address,jdbcType=VARCHAR}
            </if>
            <if test="country != null and country != ''">
                and COUNTRY = #{country,jdbcType=VARCHAR}
            </if>
            <if test="assigneeBy != null and assigneeBy != ''">
                and ASSIGNEE_BY = #{assigneeBy,jdbcType=VARCHAR}
            </if>
            <if test="dispatchStatus != null and dispatchStatus == '0'.toString()">
                and (DISPATCH_STATUS IS NULL OR  DISPATCH_STATUS in(0,3))
            </if>

            <if test="assigneeDateBegin != null and assigneeDateBegin !=''">
                and ASSIGNEE_TIME <![CDATA[>=]]> str_to_date(#{assigneeDateBegin,jdbcType=VARCHAR},'%Y-%m-%d %H:%i:%S')
            </if>
            <if test="assigneeDateEnd != null and assigneeDateEnd !=''">
                and ASSIGNEE_TIME <![CDATA[<=]]> str_to_date(#{assigneeDateEnd,jdbcType=VARCHAR},'%Y-%m-%d %H:%i:%S')
            </if>
            <if test="statusList != null and statusList != ''">
                <bind name="statusArray" value="statusList.split(';')"/>
                and STATUS in
                <foreach item="item" index="index" collection="statusArray" open="(" separator="," close=")">
                    #{item,jdbcType=INTEGER}
                </foreach>
            </if>
            <if test="billNo != null and billNo != ''">
                and BILL_NO = #{billNo}
            </if>
            <if test="pbcStatus != null">
                and PBC_STATUS = #{pbcStatus,jdbcType=INTEGER}
            </if>
            <if test="birthday != null and birthday != ''">
                and BIRTHDAY = #{birthday}
            </if>
            <if test="firstName != null and firstName != ''">
                and FIRST_NAME = #{firstName}
            </if>
            <if test="middleName != null and middleName != ''">
                and MIDDLE_NAME = #{middleName}
            </if>
            <if test="lastName != null and lastName != ''">
                and LAST_NAME = #{lastName}
            </if>
            <if test="product != null and product != ''">
                and PRODUCT = #{product}
            </if>
            <if test="channel != null and channel != ''">
                and CHANNEL = #{channel}
            </if>
        </where>
    </select>

    <select id="queryPageByCondition" parameterType="com.riskcontrol.common.entity.request.kyc.RiskQueryKycRequest" resultMap="BaseResultMap">
        SELECT
        tt.ID,
        tt.CUSTOMER_ID,
        tt.LOGIN_NAME,
        tt.PRODUCT_ID,
        tt.FIRST_NAME,
        tt.MIDDLE_NAME,
        tt.LAST_NAME,
        tt.ID_SCAN,
        tt.ID_TYPE,
        tt.REMARK,
        tt.ID_NO,
        tt.STATUS,
        tt.CREATED_DATE,
        tt.CREATED_BY,
        tt.UPDATE_DATE,
        tt.UPDATE_BY,
        tt.ADDRESS,
        tt.SEX,
        tt.COUNTRY,
        tt.OPEN_DATE,
        tt.APPROVED_DATE,
        tt.APPROVED_BY,
        tt.DISPATCH_STATUS,
        tt.ASSIGNEE_TIME,
        tt.ASSIGNEE_BY,
        tt.PBC_STATUS,
        tt.BILL_NO,
        tt.BIRTHDAY,
        tt.PRODUCT,
        tt.CHANNEL,
        tt.EMPLOYER_NAME,
        tt.BIRTH_PLACE,
        tt.PROCESS_LOG_TYPE AS PROCESS_LOG,
        tt.PRESENT_ADDRESS,
        tt.NATIONALITY,
        tt.SOURCE_OF_INCOME,
        tt.NATURE_OF_WORK,
        tt.IMG_URL
        FROM
        (
        SELECT
        <include refid="Base_Column_List"/>
        FROM
        T_KYC_REQUEST
        <where>
            <include refid="conditional_query"></include>
        </where>
        <if test="order != null and order!=''">
            order by ${order}
        </if>
        ) tt
        LIMIT #{pageNum},#{pageSize}
    </select>

    <insert id="insert" parameterType="com.riskcontrol.common.entity.pojo.KycRequest">
<!--        <selectKey resultType="integer" order="AFTER" keyProperty="id">-->
<!--            select LAST_INSERT_ID()-->
<!--        </selectKey>-->
        insert into T_KYC_REQUEST
        <trim prefix="(" suffix=")" suffixOverrides=",">
            <if test="cid.customerId != null and cid.customerId != ''">
                CUSTOMER_ID,
            </if>
            <if test="cid.loginName != null and cid.loginName != ''">
                LOGIN_NAME,
            </if>
            <if test="cid.productId != null and cid.productId != ''">
                PRODUCT_ID,
            </if>
            <if test="cid.createdDate != null and cid.createdDate != ''">
                CREATED_DATE,
            </if>
            <if test="cid.openDate != null and cid.openDate != ''">
                OPEN_DATE,
            </if>
            <if test="cid.approvedDate != null and cid.approvedDate != ''">
                APPROVED_DATE,
            </if>
            <if test="cid.pbcApprovedDate != null and cid.pbcApprovedDate != ''">
                PBC_APPROVED_DATE,
            </if>
            <if test="cid.firstName != null and cid.firstName != ''">
                FIRST_NAME,
            </if>
            <if test="cid.middleName != null and cid.middleName != ''">
                MIDDLE_NAME,
            </if>
            <if test="cid.lastName != null and cid.lastName != ''">
                LAST_NAME,
            </if>
            <if test="cid.idScan != null and cid.idScan != ''">
                ID_SCAN,
            </if>
            <if test="cid.createdBy != null and cid.createdBy != ''">
                CREATED_BY,
            </if>
            <if test="cid.updateDate != null and cid.updateDate != ''">
                UPDATE_DATE,
            </if>
            <if test="cid.updateBy != null and cid.updateBy != ''">
                UPDATE_BY,
            </if>
            <if test="cid.approvedBy != null and cid.approvedBy != ''">
                APPROVED_BY,
            </if>
            <if test="cid.pbcApprovedBy != null and cid.pbcApprovedBy != ''">
                PBC_APPROVED_BY,
            </if>
            <if test="cid.status != null and cid.status != ''">
                STATUS,
            </if>
            <if test="cid.remark != null and cid.remark != ''">
                REMARK,
            </if>
            <if test="cid.idType != null and cid.idType != ''">
                ID_TYPE,
            </if>
            <if test="cid.idNo != null and cid.idNo != ''">
                ID_NO,
            </if>
            <if test="cid.sex != null and cid.sex != ''">
                SEX,
            </if>
            <if test="cid.address != null and cid.address != ''">
                ADDRESS,
            </if>
            <if test="cid.country != null and cid.country != ''">
                COUNTRY,
            </if>
            <if test="cid.pbcStatus != null">
                PBC_STATUS,
            </if>
            <if test="cid.billNo != null and cid.billNo != ''">
                BILL_NO,
            </if>
            <if test="cid.birthday != null and cid.birthday != ''">
                BIRTHDAY,
            </if>
            <if test="cid.assigneeTime != null and cid.assigneeTime != ''">
                ASSIGNEE_TIME,
            </if>
            <if test="cid.assigneeBy != null and cid.assigneeBy != ''">
                ASSIGNEE_BY,
            </if>
            <if test="cid.dispatchStatus != null and cid.dispatchStatus != ''">
                DISPATCH_STATUS,
            </if>
            <if test="cid.product != null and cid.product != ''">
                PRODUCT,
            </if>
            <if test="cid.channel != null and cid.channel != ''">
                CHANNEL,
            </if>
            <if test="cid.repetation != null and cid.repetation != ''">
                REPETATION,
            </if>
            <if test="cid.doubtful != null and cid.doubtful != ''">
                DOUBTFUL,
            </if>
            <if test="cid.siteId != null">
                SITE_ID,
            </if>
            <if test="cid.employerName != null and cid.employerName != ''">
                EMPLOYER_NAME,
            </if>
            <if test="cid.birthPlace != null and cid.birthPlace != ''">
                BIRTH_PLACE,
            </if>
            <if test="cid.presentAddress != null and cid.presentAddress != ''">
                PRESENT_ADDRESS,
            </if>
            <if test="cid.nationality != null and cid.nationality != ''">
                NATIONALITY,
            </if>
            <if test="cid.sourceOfIncome != null and cid.sourceOfIncome != ''">
                SOURCE_OF_INCOME,
            </if>
            <if test="cid.natureOfWork != null and cid.natureOfWork != ''">
                NATURE_OF_WORK,
            </if>
            <if test="cid.imgUrl != null and cid.imgUrl != ''">
                IMG_URL,
            </if>
        </trim>
        <trim prefix="values (" suffix=")" suffixOverrides=",">
            <if test="cid.customerId != null and cid.customerId != ''">
                #{cid.customerId,jdbcType=DOUBLE},
            </if>
            <if test="cid.loginName != null and cid.loginName != ''">
                #{cid.loginName,jdbcType=VARCHAR},
            </if>
            <if test="cid.productId != null and cid.productId != ''">
                #{cid.productId,jdbcType=VARCHAR},
            </if>
            <if test="cid.createdDate != null and cid.createdDate != ''">
                str_to_date(#{cid.createdDate,jdbcType=VARCHAR},'%Y-%m-%d %H:%i:%S'),
            </if>
            <if test="cid.openDate != null and cid.openDate != ''">
                str_to_date(#{cid.openDate,jdbcType=VARCHAR},'%Y-%m-%d %H:%i:%S'),
            </if>
            <if test="cid.approvedDate != null and cid.approvedDate != ''">
                str_to_date(#{cid.approvedDate,jdbcType=VARCHAR},'%Y-%m-%d %H:%i:%S'),
            </if>
            <if test="cid.pbcApprovedDate != null and cid.pbcApprovedDate != ''">
                str_to_date(#{cid.pbcApprovedDate,jdbcType=VARCHAR},'%Y-%m-%d %H:%i:%S'),
            </if>
            <if test="cid.firstName != null and cid.firstName != ''">
                #{cid.firstName,jdbcType=VARCHAR},
            </if>
            <if test="cid.middleName != null and cid.middleName != ''">
                #{cid.middleName,jdbcType=VARCHAR},
            </if>
            <if test="cid.lastName != null and cid.lastName != ''">
                #{cid.lastName,jdbcType=VARCHAR},
            </if>
            <if test="cid.idScan != null and cid.idScan != ''">
                #{cid.idScan,jdbcType=VARCHAR},
            </if>
            <if test="cid.createdBy != null and cid.createdBy != ''">
                #{cid.createdBy,jdbcType=VARCHAR},
            </if>
            <if test="cid.updateDate != null and cid.updateDate != ''">
                str_to_date(#{cid.updateDate,jdbcType=VARCHAR},'%Y-%m-%d %H:%i:%S'),
            </if>
            <if test="cid.updateBy != null and cid.updateBy != ''">
                #{cid.updateBy,jdbcType=VARCHAR},
            </if>
            <if test="cid.approvedBy != null and cid.approvedBy != ''">
                #{cid.approvedBy,jdbcType=VARCHAR},
            </if>
            <if test="cid.pbcApprovedBy != null and cid.pbcApprovedBy != ''">
                #{cid.pbcApprovedBy,jdbcType=VARCHAR},
            </if>
            <if test="cid.status != null and cid.status != ''">
                #{cid.status,jdbcType=INTEGER},
            </if>
            <if test="cid.remark != null and cid.remark != ''">
                #{cid.remark,jdbcType=VARCHAR},
            </if>
            <if test="cid.idType != null and cid.idType != ''">
                #{cid.idType,jdbcType=INTEGER},
            </if>
            <if test="cid.idNo != null and cid.idNo != ''">
                #{cid.idNo,jdbcType=VARCHAR},
            </if>
            <if test="cid.sex != null and cid.sex != ''">
                #{cid.sex,jdbcType=VARCHAR},
            </if>
            <if test="cid.address != null and cid.address != ''">
                #{cid.address,jdbcType=VARCHAR},
            </if>
            <if test="cid.country != null and cid.country != ''">
                #{cid.country,jdbcType=VARCHAR},
            </if>
            <if test="cid.pbcStatus != null">
                #{cid.pbcStatus,jdbcType=INTEGER},
            </if>
            <if test="cid.billNo != null and cid.billNo != ''">
                #{cid.billNo,jdbcType=VARCHAR},
            </if>
            <if test="cid.birthday != null and cid.birthday != ''">
                #{cid.birthday,jdbcType=VARCHAR},
            </if>
            <if test="cid.assigneeTime != null and cid.assigneeTime != ''">
                str_to_date(#{cid.assigneeTime,jdbcType=VARCHAR},'%Y-%m-%d %H:%i:%S'),
            </if>
            <if test="cid.assigneeBy != null and cid.assigneeBy != ''">
                #{cid.assigneeBy,jdbcType=VARCHAR},
            </if>
            <if test="cid.dispatchStatus != null and cid.dispatchStatus != ''">
                #{cid.dispatchStatus},
            </if>
            <if test="cid.product != null and cid.product != ''">
                #{cid.product,jdbcType=VARCHAR},
            </if>
            <if test="cid.channel != null and cid.channel != ''">
                #{cid.channel,jdbcType=VARCHAR},
            </if>
            <if test="cid.repetation != null and cid.repetation != ''">
                #{cid.repetation,jdbcType=VARCHAR},
            </if>
            <if test="cid.doubtful != null and cid.doubtful != ''">
                #{cid.doubtful,jdbcType=VARCHAR},
            </if>
            <if test="cid.siteId != null">
                #{cid.siteId,jdbcType=INTEGER},
            </if>
            <if test="cid.employerName != null and cid.employerName != ''">
                #{cid.employerName,jdbcType=VARCHAR},
            </if>
            <if test="cid.birthPlace != null and cid.birthPlace != ''">
                #{cid.birthPlace,jdbcType=VARCHAR},
            </if>
            <if test="cid.presentAddress != null and cid.presentAddress != ''">
                #{cid.presentAddress,jdbcType=VARCHAR},
            </if>
            <if test="cid.nationality != null and cid.nationality != ''">
                #{cid.nationality,jdbcType=VARCHAR},
            </if>
            <if test="cid.sourceOfIncome != null and cid.sourceOfIncome != ''">
                #{cid.sourceOfIncome,jdbcType=VARCHAR},
            </if>
            <if test="cid.natureOfWork != null and cid.natureOfWork != ''">
                #{cid.natureOfWork,jdbcType=VARCHAR},
            </if>
            <if test="cid.imgUrl != null and cid.imgUrl != ''">
                #{cid.imgUrl,jdbcType=VARCHAR},
            </if>
        </trim>
        <selectKey keyProperty="cid.id" resultType="java.lang.String" order="AFTER">
            select LAST_INSERT_ID()
        </selectKey>
    </insert>

    <update id="update" parameterType="com.riskcontrol.cron.entity.RiskKycRequest">
        update T_KYC_REQUEST
        <set>
            <if test="kycRequest.firstName != null and kycRequest.firstName != ''">
                FIRST_NAME  = #{kycRequest.firstName,jdbcType=VARCHAR},
            </if>
            <if test="kycRequest.middleName != null and kycRequest.middleName != ''">
                MIDDLE_NAME = #{kycRequest.middleName,jdbcType=VARCHAR},
            </if>
            <if test="kycRequest.lastName != null and kycRequest.lastName != ''">
                LAST_NAME = #{kycRequest.lastName,jdbcType=VARCHAR},
            </if>
            <if test="kycRequest.idScan != null and kycRequest.idScan != ''">
                ID_SCAN = #{kycRequest.idScan,jdbcType=VARCHAR},
            </if>
            <if test="kycRequest.idNo != null and kycRequest.idNo != ''">
                ID_NO = #{kycRequest.idNo,jdbcType=VARCHAR},
            </if>
            <if test="kycRequest.idType != null and kycRequest.idType != ''">
                ID_TYPE = #{kycRequest.idType,jdbcType=INTEGER},
            </if>
            <if test="kycRequest.updateDate != null and kycRequest.updateDate != ''">
                UPDATE_DATE = str_to_date(#{kycRequest.updateDate,jdbcType=VARCHAR},'%Y-%m-%d %H:%i:%S'),
            </if>
            <if test="kycRequest.openDate != null and kycRequest.openDate != ''">
                OPEN_DATE = str_to_date(#{kycRequest.openDate,jdbcType=VARCHAR},'%Y-%m-%d %H:%i:%S'),
            </if>
            <if test="kycRequest.approvedDate != null and kycRequest.approvedDate != ''">
                APPROVED_DATE = str_to_date(#{kycRequest.approvedDate,jdbcType=VARCHAR},'%Y-%m-%d %H:%i:%S'),
            </if>
            <if test="kycRequest.updateBy != null and kycRequest.updateBy != ''">
                UPDATE_BY = #{kycRequest.updateBy,jdbcType=VARCHAR},
            </if>
            <if test="kycRequest.approvedBy != null and kycRequest.approvedBy != ''">
                APPROVED_BY = #{kycRequest.approvedBy,jdbcType=VARCHAR},
            </if>
            <if test="kycRequest.pbcApprovedBy != null and kycRequest.pbcApprovedBy != ''">
                PBC_APPROVED_BY = #{kycRequest.pbcApprovedBy,jdbcType=VARCHAR},
            </if>
            <if test="kycRequest.pbcApprovedDate != null and kycRequest.pbcApprovedDate != ''">
                PBC_APPROVED_DATE = str_to_date(#{kycRequest.pbcApprovedDate,jdbcType=VARCHAR},'%Y-%m-%d %H:%i:%S'),
            </if>
            <if test="kycRequest.status != null and kycRequest.status != ''">
                STATUS = #{kycRequest.status,jdbcType=INTEGER},
            </if>
            <if test="kycRequest.remark != null and kycRequest.remark != ''">
                REMARK = #{kycRequest.remark,jdbcType=VARCHAR},
            </if>
            <if test="kycRequest.sex != null and kycRequest.sex != ''">
                SEX = #{kycRequest.sex,jdbcType=VARCHAR},
            </if>
            <if test="kycRequest.address != null and kycRequest.address != ''">
                ADDRESS = #{kycRequest.address,jdbcType=VARCHAR},
            </if>
            <if test="kycRequest.country != null and kycRequest.country != ''">
                COUNTRY = #{kycRequest.country,jdbcType=VARCHAR},
            </if>
            <if test="kycRequest.pbcStatus != null">
                PBC_STATUS = #{kycRequest.pbcStatus,jdbcType=INTEGER},
            </if>
            <if test="kycRequest.billNo != null and kycRequest.billNo != ''">
                BILL_NO = #{kycRequest.billNo,jdbcType=VARCHAR},
            </if>
            <if test="kycRequest.birthday != null and kycRequest.birthday != ''">
                BIRTHDAY = #{kycRequest.birthday,jdbcType=VARCHAR},
            </if>
            <if test="kycRequest.product != null and kycRequest.product != ''">
                PRODUCT = #{kycRequest.product,jdbcType=VARCHAR},
            </if>
            <if test="kycRequest.channel != null and kycRequest.channel != ''">
                CHANNEL = #{kycRequest.channel,jdbcType=VARCHAR},
            </if>
            <if test="kycRequest.repetation != null and kycRequest.repetation != ''">
                REPETATION = #{kycRequest.repetation,jdbcType=VARCHAR},
            </if>
            <if test="kycRequest.doubtful != null and kycRequest.doubtful != ''">
                DOUBTFUL = #{kycRequest.doubtful,jdbcType=VARCHAR},
            </if>
            <if test="processLogType != null and processLogType != ''">
                PROCESS_LOG_TYPE = #{processLogType},
            </if>
            <if test="processLogRemark != null and processLogRemark != ''">
                PROCESS_LOG_REMARK = #{processLogRemark},
            </if>
            <if test="kycRequest.employerName != null and kycRequest.employerName != ''">
                EMPLOYER_NAME = #{kycRequest.employerName,jdbcType=VARCHAR},
            </if>
            <if test="kycRequest.birthPlace != null and kycRequest.birthPlace != ''">
                BIRTH_PLACE = #{kycRequest.birthPlace,jdbcType=VARCHAR},
            </if>
            <if test="kycRequest.presentAddress != null and kycRequest.presentAddress != ''">
                PRESENT_ADDRESS = #{kycRequest.presentAddress,jdbcType=VARCHAR},
            </if>
            <if test="kycRequest.nationality != null and kycRequest.nationality != ''">
                NATIONALITY = #{kycRequest.nationality,jdbcType=VARCHAR},
            </if>
            <if test="kycRequest.sourceOfIncome != null and kycRequest.sourceOfIncome != ''">
                SOURCE_OF_INCOME = #{kycRequest.sourceOfIncome,jdbcType=VARCHAR},
            </if>
            <if test="kycRequest.natureOfWork != null and kycRequest.natureOfWork != ''">
                NATURE_OF_WORK = #{kycRequest.natureOfWork,jdbcType=VARCHAR},
            </if>
            <if test="kycRequest.imgUrl != null and kycRequest.imgUrl != ''">
                IMG_URL = #{kycRequest.imgUrl,jdbcType=VARCHAR},
            </if>
            <if test="kycRequest.autoPbc != null and kycRequest.autoPbc != ''">
                AUTO_PBC = #{kycRequest.autoPbc},
            </if>
        </set>
        <where>
            ID = #{kycRequest.id,jdbcType=DECIMAL}
        </where>

    </update>

    <select id="countWaitingPendingByAssignee" resultType="java.lang.Integer">
        select count(1)
        from (select SERIAL_NUMBER
              from t_dispatch_record
              where USER_LOGIN_NAME = #{assignee}
                and STATUS = 1
                and ORDER_STYLE = 'KYC') tmp
                 left join t_kyc_request tkr on tkr.id = cast(tmp.serial_number as SIGNED)
        where tkr.STATUS = 0
    </select>

    <update id="modifyDispatchStatus">
        update T_KYC_REQUEST
        set DISPATCH_STATUS =#{status}
        where ID in
        <foreach item="item"  collection="requests" open="("
                 separator="," close=")">
            #{item.id}
        </foreach>
    </update>

    <update id="modifyResetDispatchStatus">
        update T_KYC_REQUEST
        set DISPATCH_STATUS = 3
        where  ID in (select cast(SERIAL_NUMBER as SIGNED)
                      from T_DISPATCH_RECORD
                      where CREATED_DATE > DATE(now())  - interval 1 day
                        and STATUS = 0
                        and ORDER_STYLE = 'KYC'
                        and USER_LOGIN_NAME = #{loginName})
          AND DISPATCH_STATUS=1
    </update>


    <select id="queryKycByIds" resultMap="BaseResultMap">
        select * from T_KYC_REQUEST
        where ID in
        <foreach collection="ids" item="item" open="(" close=")" separator=",">
            #{item}
        </foreach>
    </select>
    <select id="queryKycById" resultMap="BaseResultMap">
        select * from T_KYC_REQUEST
        where ID = #{id}
    </select>

    <select id="queryByCondition" parameterType="com.cn.schema.customers.QueryKycByConditionRequest" resultMap="BaseResultMap">
        select r.*,r.process_log_remark as PROCESS_LOG from
        T_KYC_REQUEST r
        <where>
            1=1
            <include refid="conditional_query_second"></include>
        </where>

        <if test="order != null and order!=''">
            order by ${order}
        </if>
        <!-- AND rownum =1 原SQL -->
        LIMIT 1;<!--新SQL  -->
    </select>

    <select id="queryByConditionWithDesc" parameterType="map" resultMap="BaseResultMap">
        select * from
        T_KYC_REQUEST r
        <where>
            1=1
            <include refid="conditional_query_second"></include>
            <if test="status != null">
                and status = #{status,jdbcType=INTEGER}
            </if>
        </where>
        <if test="order != null and order!=''">
            order by ${order} desc
        </if>
        LIMIT 1;
    </select>


    <select id="queryKycPbcPageByCondition" parameterType="com.riskcontrol.common.entity.request.kyc.RiskQueryKycRequest" resultMap="BaseResultMap">
        SELECT
        <include refid="Base_Column_List"/>
        ,r.PROCESS_LOG_TYPE AS PROCESS_LOG
        FROM
        T_KYC_REQUEST r
        <where>
            <include refid="conditional_query_KYC_PBC"></include>
        </where>
        ORDER BY
        <if test="isExport == false">
            r.status ASC,
            r.CREATED_DATE desc,
        </if>
        <if test="isExport == true"><!--导出时避免分页查询有新增数据，导致漏数据和重复数据，按时间升序排序-->
            r.CREATED_DATE asc,
        </if>
        r.ID desc
        LIMIT #{pageNum},#{pageSize}
    </select>



    <select id="countKycByCondition" resultType="java.lang.Integer">
        select  count(1)
        from T_KYC_REQUEST kyc
        <where>
            <include refid="conditional_query_KYC_PBC"></include>
        </where>
    </select>



    <select id="countKycPbcByCondition" resultType="java.lang.Integer">
        SELECT
         count(1)
        FROM
        T_KYC_REQUEST r
        <where>
            <include refid="conditional_query_KYC_PBC"></include>
        </where>
    </select>
    <select id="countEndingRequest" resultType="java.lang.Integer">
        select count(*) from T_KYC_REQUEST
        where PRODUCT_ID = #{productId}
          and LOGIN_NAME = #{loginName}
          and PBC_STATUS in (1, 3)
    </select>

    <update id="modifyAssigneeBy">
        update T_KYC_REQUEST
        set DISPATCH_STATUS = 2 ,
        ASSIGNEE_BY =#{loginName},
        ASSIGNEE_TIME = now()
        where ID in
        <foreach collection="ids" item="item" open="(" close=")" separator=",">
            #{item}
        </foreach>
    </update>

    <update id="updateKyc" parameterType="com.riskcontrol.cron.entity.RiskKycRequest">
        update T_KYC_REQUEST
        <set>
            <if test="kycRequest.firstName != null and kycRequest.firstName != ''">
                FIRST_NAME  = #{kycRequest.firstName,jdbcType=VARCHAR},
            </if>
            <!--MIDDLE_NAME 允许为空-->
            MIDDLE_NAME  = #{kycRequest.middleName,jdbcType=VARCHAR},
            <if test="kycRequest.lastName != null and kycRequest.lastName != ''">
                LAST_NAME = #{kycRequest.lastName,jdbcType=VARCHAR},
            </if>
            <if test="kycRequest.idScan != null and kycRequest.idScan != ''">
                ID_SCAN = #{kycRequest.idScan,jdbcType=VARCHAR},
            </if>
            <if test="kycRequest.idNo != null and kycRequest.idNo != ''">
                ID_NO = #{kycRequest.idNo,jdbcType=VARCHAR},
            </if>
            <if test="kycRequest.idType != null and kycRequest.idType != ''">
                ID_TYPE = #{kycRequest.idType,jdbcType=INTEGER},
            </if>
            <if test="kycRequest.updateDate != null and kycRequest.updateDate != ''">
                UPDATE_DATE = str_to_date(#{kycRequest.updateDate,jdbcType=VARCHAR},'%Y-%m-%d %H:%i:%S'),
            </if>
            <if test="kycRequest.openDate != null and kycRequest.openDate != ''">
                OPEN_DATE = str_to_date(#{kycRequest.openDate,jdbcType=VARCHAR},'%Y-%m-%d %H:%i:%S'),
            </if>
            <if test="kycRequest.approvedDate != null and kycRequest.approvedDate != ''">
                APPROVED_DATE = str_to_date(#{kycRequest.approvedDate,jdbcType=VARCHAR},'%Y-%m-%d %H:%i:%S'),
            </if>
            <if test="kycRequest.updateBy != null and kycRequest.updateBy != ''">
                UPDATE_BY = #{kycRequest.updateBy,jdbcType=VARCHAR},
            </if>
            <if test="kycRequest.approvedBy != null and kycRequest.approvedBy != ''">
                APPROVED_BY = #{kycRequest.approvedBy,jdbcType=VARCHAR},
            </if>
            <if test="kycRequest.pbcApprovedBy != null and kycRequest.pbcApprovedBy != ''">
                PBC_APPROVED_BY = #{kycRequest.pbcApprovedBy,jdbcType=VARCHAR},
            </if>
            <if test="kycRequest.pbcApprovedDate != null and kycRequest.pbcApprovedDate != ''">
                PBC_APPROVED_DATE = str_to_date(#{kycRequest.pbcApprovedDate,jdbcType=VARCHAR},'%Y-%m-%d %H:%i:%S'),
            </if>
            <if test="kycRequest.status != null and kycRequest.status != ''">
                STATUS = #{kycRequest.status,jdbcType=INTEGER},
            </if>
            <if test="kycRequest.remark != null and kycRequest.remark != ''">
                REMARK = #{kycRequest.remark,jdbcType=VARCHAR},
            </if>
            <if test="kycRequest.sex != null and kycRequest.sex != ''">
                SEX = #{kycRequest.sex,jdbcType=VARCHAR},
            </if>
            <if test="kycRequest.address != null and kycRequest.address != ''">
                ADDRESS = #{kycRequest.address,jdbcType=VARCHAR},
            </if>
            <if test="kycRequest.country != null and kycRequest.country != ''">
                COUNTRY = #{kycRequest.country,jdbcType=VARCHAR},
            </if>
            <if test="kycRequest.pbcStatus != null">
                PBC_STATUS = #{kycRequest.pbcStatus,jdbcType=INTEGER},
            </if>
            <if test="kycRequest.billNo != null and kycRequest.billNo != ''">
                BILL_NO = #{kycRequest.billNo,jdbcType=VARCHAR},
            </if>
            <if test="kycRequest.birthday != null and kycRequest.birthday != ''">
                BIRTHDAY = #{kycRequest.birthday,jdbcType=VARCHAR},
            </if>
            <if test="kycRequest.product != null and kycRequest.product != ''">
                PRODUCT = #{kycRequest.product,jdbcType=VARCHAR},
            </if>
            <if test="kycRequest.channel != null and kycRequest.channel != ''">
                CHANNEL = #{kycRequest.channel,jdbcType=VARCHAR},
            </if>
            <if test="kycRequest.repetation != null and kycRequest.repetation != ''">
                REPETATION = #{kycRequest.repetation,jdbcType=VARCHAR},
            </if>
            <if test="kycRequest.doubtful != null and kycRequest.doubtful != ''">
                DOUBTFUL = #{kycRequest.doubtful,jdbcType=VARCHAR},
            </if>
            <if test="processLogType != null and processLogType != ''">
                PROCESS_LOG_TYPE = #{processLogType},
            </if>
            <if test="processLogRemark != null and processLogRemark != ''">
                PROCESS_LOG_REMARK = #{processLogRemark},
            </if>
            <if test="kycRequest.employerName != null and kycRequest.employerName != ''">
                EMPLOYER_NAME = #{kycRequest.employerName,jdbcType=VARCHAR},
            </if>
            <if test="kycRequest.birthPlace != null and kycRequest.birthPlace != ''">
                BIRTH_PLACE = #{kycRequest.birthPlace,jdbcType=VARCHAR},
            </if>
            <if test="kycRequest.presentAddress != null and kycRequest.presentAddress != ''">
                PRESENT_ADDRESS = #{kycRequest.presentAddress,jdbcType=VARCHAR},
            </if>
            <if test="kycRequest.nationality != null and kycRequest.nationality != ''">
                NATIONALITY = #{kycRequest.nationality,jdbcType=VARCHAR},
            </if>
            <if test="kycRequest.sourceOfIncome != null and kycRequest.sourceOfIncome != ''">
                SOURCE_OF_INCOME = #{kycRequest.sourceOfIncome,jdbcType=VARCHAR},
            </if>
            <if test="kycRequest.natureOfWork != null and kycRequest.natureOfWork != ''">
                NATURE_OF_WORK  = #{kycRequest.natureOfWork,jdbcType=VARCHAR},
            </if>
            <if test="kycRequest.imgUrl != null and kycRequest.imgUrl != ''">
                IMG_URL = #{kycRequest.imgUrl,jdbcType=VARCHAR},
            </if>
            <if test="kycRequest.autoPbc != null and kycRequest.autoPbc != ''">
                AUTO_PBC = #{kycRequest.autoPbc,jdbcType=VARCHAR},
            </if>
        </set>
        <where>
            ID = #{kycRequest.id,jdbcType=DECIMAL}
        </where>

    </update>

    <select id="countByConditionKyc" parameterType="com.riskcontrol.common.entity.request.kyc.RiskQueryKycRequest" resultType="Integer">
        select count(*)
        from T_KYC_REQUEST
        WHERE 1 = 1
        <if test="id != null">
            and id = #{id}
        </if>
        <if test="customerId != null and customerId != ''">
            and CUSTOMER_ID = #{customerId}
        </if>
        <if test="loginName != null and loginName != ''">
            and LOGIN_NAME LIKE CONCAT('%',#{loginName,jdbcType=VARCHAR},'%')
        </if>
        <if test="productId != null and productId != ''">
            and PRODUCT_ID = #{productId,jdbcType=VARCHAR}
        </if>
        <if test="createdDateBegin != null and createdDateBegin !=''">
            and CREATED_DATE <![CDATA[>=]]> str_to_date(#{createdDateBegin,jdbcType=VARCHAR},'%Y-%m-%d %H:%i:%S')
        </if>
        <if test="createdDateEnd != null and createdDateEnd !=''">
            and CREATED_DATE <![CDATA[<=]]> str_to_date(#{createdDateEnd,jdbcType=VARCHAR},'%Y-%m-%d %H:%i:%S')
        </if>
        <if test="openDateBegin != null and openDateBegin !=''">
            and OPEN_DATE <![CDATA[>=]]> str_to_date(#{openDateBegin,jdbcType=VARCHAR},'%Y-%m-%d %H:%i:%S')
        </if>
        <if test="openDateEnd != null and openDateEnd !=''">
            and OPEN_DATE <![CDATA[<=]]> str_to_date(#{openDateEnd,jdbcType=VARCHAR},'%Y-%m-%d %H:%i:%S')
        </if>
        <if test="approvedDateBegin != null and approvedDateBegin !=''">
            and APPROVED_DATE <![CDATA[>=]]> str_to_date(#{approvedDateBegin,jdbcType=VARCHAR},'%Y-%m-%d %H:%i:%S')
        </if>
        <if test="approvedDateEnd != null and approvedDateEnd !=''">
            and APPROVED_DATE <![CDATA[<=]]> str_to_date(#{approvedDateEnd,jdbcType=VARCHAR},'%Y-%m-%d %H:%i:%S')
        </if>
        <if test="sex != null and sex != ''">
            and SEX = #{sex,jdbcType=VARCHAR}
        </if>
        <if test="idType != null and idType != ''">
            and ID_TYPE = #{idType,jdbcType=INTEGER}
        </if>
        <if test="address != null and address != ''">
            and ADDRESS = #{address,jdbcType=VARCHAR}
        </if>
        <if test="country != null and country != ''">
            and COUNTRY = #{country,jdbcType=VARCHAR}
        </if>
        <if test="assigneeBy != null and assigneeBy != ''">
            and ASSIGNEE_BY = #{assigneeBy,jdbcType=VARCHAR}
        </if>
        <if test="dispatchStatus != null and dispatchStatus == '0'.toString()">
            and (DISPATCH_STATUS IS NULL OR  DISPATCH_STATUS in(0,3))
        </if>

        <if test="assigneeDateBegin != null and assigneeDateBegin !=''">
            and ASSIGNEE_TIME <![CDATA[>=]]> str_to_date(#{assigneeDateBegin,jdbcType=VARCHAR},'%Y-%m-%d %H:%i:%S')
        </if>
        <if test="assigneeDateEnd != null and assigneeDateEnd !=''">
            and ASSIGNEE_TIME <![CDATA[<=]]> str_to_date(#{assigneeDateEnd,jdbcType=VARCHAR},'%Y-%m-%d %H:%i:%S')
        </if>
        <if test="statusList != null and statusList != ''">
            <bind name="statusArray" value="statusList.split(';')"/>
            and STATUS in
            <foreach item="item" index="index" collection="statusArray" open="(" separator="," close=")">
                #{item,jdbcType=INTEGER}
            </foreach>
        </if>
        <if test="billNo != null and billNo != ''">
            and BILL_NO = #{billNo}
        </if>
        <if test="pbcStatus != null">
            and PBC_STATUS = #{pbcStatus,jdbcType=INTEGER}
        </if>
        <if test="birthday != null and birthday != ''">
            and BIRTHDAY = #{birthday}
        </if>
        <if test="firstName != null and firstName != ''">
            and FIRST_NAME = #{firstName}
        </if>
          <choose>
              <when test="middleName != null">
                 and MIDDLE_NAME = #{middleName}
              </when>
              <otherwise>
                 and MIDDLE_NAME IS NULL
              </otherwise>
          </choose>
        <if test="lastName != null and lastName != ''">
            and LAST_NAME = #{lastName}
        </if>
        <if test="product != null and product != ''">
            and PRODUCT = #{product}
        </if>
        <if test="channel != null and channel != ''">
            and CHANNEL = #{channel}
        </if>
    </select>

    <select id="countByConditionKycNotLike" parameterType="com.riskcontrol.common.entity.request.kyc.RiskQueryKycRequest" resultType="Integer">
        select count(*)
        from T_KYC_REQUEST
        WHERE 1 = 1
        <if test="id != null">
            and id = #{id}
        </if>
        <if test="customerId != null and customerId != ''">
            and CUSTOMER_ID = #{customerId}
        </if>
        <if test="loginName != null and loginName != ''">
            and LOGIN_NAME = #{loginName,jdbcType=VARCHAR}
        </if>
        <if test="productId != null and productId != ''">
            and PRODUCT_ID = #{productId,jdbcType=VARCHAR}
        </if>
        <if test="createdDateBegin != null and createdDateBegin !=''">
            and CREATED_DATE <![CDATA[>=]]> str_to_date(#{createdDateBegin,jdbcType=VARCHAR},'%Y-%m-%d %H:%i:%S')
        </if>
        <if test="createdDateEnd != null and createdDateEnd !=''">
            and CREATED_DATE <![CDATA[<=]]> str_to_date(#{createdDateEnd,jdbcType=VARCHAR},'%Y-%m-%d %H:%i:%S')
        </if>
        <if test="openDateBegin != null and openDateBegin !=''">
            and OPEN_DATE <![CDATA[>=]]> str_to_date(#{openDateBegin,jdbcType=VARCHAR},'%Y-%m-%d %H:%i:%S')
        </if>
        <if test="openDateEnd != null and openDateEnd !=''">
            and OPEN_DATE <![CDATA[<=]]> str_to_date(#{openDateEnd,jdbcType=VARCHAR},'%Y-%m-%d %H:%i:%S')
        </if>
        <if test="approvedDateBegin != null and approvedDateBegin !=''">
            and APPROVED_DATE <![CDATA[>=]]> str_to_date(#{approvedDateBegin,jdbcType=VARCHAR},'%Y-%m-%d %H:%i:%S')
        </if>
        <if test="approvedDateEnd != null and approvedDateEnd !=''">
            and APPROVED_DATE <![CDATA[<=]]> str_to_date(#{approvedDateEnd,jdbcType=VARCHAR},'%Y-%m-%d %H:%i:%S')
        </if>
        <if test="sex != null and sex != ''">
            and SEX = #{sex,jdbcType=VARCHAR}
        </if>
        <if test="idType != null and idType != ''">
            and ID_TYPE = #{idType,jdbcType=INTEGER}
        </if>
        <if test="address != null and address != ''">
            and ADDRESS = #{address,jdbcType=VARCHAR}
        </if>
        <if test="country != null and country != ''">
            and COUNTRY = #{country,jdbcType=VARCHAR}
        </if>
        <if test="assigneeBy != null and assigneeBy != ''">
            and ASSIGNEE_BY = #{assigneeBy,jdbcType=VARCHAR}
        </if>
        <if test="dispatchStatus != null and dispatchStatus == '0'.toString()">
            and (DISPATCH_STATUS IS NULL OR  DISPATCH_STATUS in(0,3))
        </if>

        <if test="assigneeDateBegin != null and assigneeDateBegin !=''">
            and ASSIGNEE_TIME <![CDATA[>=]]> str_to_date(#{assigneeDateBegin,jdbcType=VARCHAR},'%Y-%m-%d %H:%i:%S')
        </if>
        <if test="assigneeDateEnd != null and assigneeDateEnd !=''">
            and ASSIGNEE_TIME <![CDATA[<=]]> str_to_date(#{assigneeDateEnd,jdbcType=VARCHAR},'%Y-%m-%d %H:%i:%S')
        </if>
        <if test="statusList != null and statusList != ''">
            <bind name="statusArray" value="statusList.split(';')"/>
            and STATUS in
            <foreach item="item" index="index" collection="statusArray" open="(" separator="," close=")">
                #{item,jdbcType=INTEGER}
            </foreach>
        </if>
        <if test="billNo != null and billNo != ''">
            and BILL_NO = #{billNo}
        </if>
        <if test="pbcStatus != null">
            and PBC_STATUS = #{pbcStatus,jdbcType=INTEGER}
        </if>
        <if test="birthday != null and birthday != ''">
            and BIRTHDAY = #{birthday}
        </if>
        <if test="firstName != null and firstName != ''">
            and FIRST_NAME = #{firstName}
        </if>
          <choose>
              <when test="middleName != null">
                 and MIDDLE_NAME = #{middleName}
              </when>
              <otherwise>
                 and MIDDLE_NAME IS NULL
              </otherwise>
          </choose>
        <if test="lastName != null and lastName != ''">
            and LAST_NAME = #{lastName}
        </if>
        <if test="product != null and product != ''">
            and PRODUCT = #{product}
        </if>
        <if test="channel != null and channel != ''">
            and CHANNEL = #{channel}
        </if>
    </select>
    <select id="queryKycStatusByCustomerId" parameterType="com.riskcontrol.common.entity.request.kyc.RiskQueryKycRequest" resultType="java.lang.Integer">
        select STATUS
        from T_KYC_REQUEST
        where CUSTOMER_ID = #{customerId}
    </select>

    <select id="queryCurrentKycRequest" parameterType="com.riskcontrol.common.entity.request.kyc.RiskQueryKycRequest"
            resultMap="BaseResultMap">
        select * from T_KYC_REQUEST
        <where>
            <if test="loginName != null and loginName != ''">
                and LOGIN_NAME = #{loginName,jdbcType=VARCHAR}
            </if>
            <if test="channel != null and channel != ''">
                and CHANNEL != #{channel}
            </if>
            <if test="order != null and order!=''">
                order by ${order}
            </if>
        </where>
        LIMIT 1
    </select>

    <select id="queryKycForPbcByCondition" resultType="com.riskcontrol.common.entity.pojo.KycRequest">
        select *
        from T_KYC_REQUEST
        <where>
            <if test="firstNameParam != null and firstNameParam != ''">
                and first_name = #{firstNameParam}
            </if>
            <if test="firstNameParam == null or firstNameParam == ''">
                and (first_name IS NULL or first_name = '')
            </if>
            <if test="lastNameParam != null and lastNameParam != ''">
                and last_name = #{lastNameParam}
            </if>
            <if test="lastNameParam == null or lastNameParam == ''">
                and (last_name IS NULL or last_name = '')
            </if>
            <if test="middleNameParam != null and middleNameParam != '' ">
                and middle_name = #{middleNameParam}
            </if>
            <if test="middleNameParam == null or middleNameParam == ''">
                and (middle_name IS NULL or middle_name = '')
            </if>
            <if test="birthDateParam != null and birthDateParam !='' ">
                and birthday = #{birthDateParam}
            </if>
            and status = #{statusParam}
        </where>
    </select>
</mapper>

