<?xml version="1.0" encoding="UTF-8" ?>
<!DOCTYPE mapper PUBLIC "-//mybatis.org//DTD Mapper 3.0//EN" "http://mybatis.org/dtd/mybatis-3-mapper.dtd" >
<mapper namespace="com.riskcontrol.cron.mapper.MsgMqDao">
    <resultMap id="MsgMqResultMap" type="com.cn.schema.other.WSMsgMqSendRecord">
        <id column="id" property="id" jdbcType="INTEGER"/>
        <result column="created_date" property="createdDate" jdbcType="DATE"/>
        <result column="product_id" property="productId" jdbcType="VARCHAR"/>
        <result column="msg_data" property="msgData" jdbcType="VARCHAR"/>
        <result column="msg_type" property="msgType" jdbcType="INTEGER"/>
        <result column="jms_queue_name" property="jmsQueueName" jdbcType="VARCHAR"/>
        <result column="rabbit_exchange_name" property="rabbitExchangeName" jdbcType="VARCHAR"/>
        <result column="flag" property="flag" jdbcType="INTEGER"/>
        <result column="re_send_times" property="reSendTimes" jdbcType="INTEGER"/>
        <result column="last_update_date" property="lastUpdateDate" jdbcType="DATE"/>
        <result column="remarks" property="remarks" jdbcType="VARCHAR"/>
    </resultMap>
    <sql id="MsgMq_Column_List">
        created_date,product_id,msg_data,msg_type,jms_queue_name,rabbit_exchange_name,flag,re_send_times,last_update_date,remarks
        ,id
    </sql>
    <sql id="MsgMq_Query_sql">
        <if test="createdDateBegin != null and createdDateBegin != ''">
            and created_date<![CDATA[>=]]> str_to_date(#{createdDateBegin},'%Y-%m-%d %H:%i:%S')
        </if>
        <if test="createdDateEnd != null and createdDateEnd != ''">
            and created_date<![CDATA[<=]]> str_to_date(#{createdDateEnd},'%Y-%m-%d %H:%i:%S')
        </if>
        <if test="productId != null  and productId != ''">
            and product_id= #{productId}
        </if>
        <if test="msgData != null  and msgData != ''">
            and msg_data= #{msgData}
        </if>
        <if test="msgType != null  and msgType != ''">
            and msg_type= #{msgType}
        </if>
        <if test="jmsQueueName != null  and jmsQueueName != ''">
            and jms_queue_name= #{jmsQueueName}
        </if>
        <if test="rabbitExchangeName != null  and rabbitExchangeName != ''">
            and rabbit_exchange_name= #{rabbitExchangeName}
        </if>
        <if test="flag != null  and flag != ''">
            <bind name="flagArray" value="flag.split(';')"/>
            and FLAG in
            <foreach item="item" index="index" collection="flagArray" open="("
                     separator="," close=")">
                #{item}
            </foreach>
        </if>
        <if test="reSendTimes != null  and reSendTimes != ''">
            and re_send_times= #{reSendTimes}
        </if>
        <if test="lastUpdateDateBegin != null and lastUpdateDateBegin != ''">
            and last_update_date<![CDATA[>=]]> str_to_date(#{lastUpdateDateBegin},'%Y-%m-%d %H:%i:%S')
        </if>
        <if test="lastUpdateDateEnd != null and lastUpdateDateEnd != ''">
            and last_update_date<![CDATA[<=]]> str_to_date(#{lastUpdateDateEnd},'%Y-%m-%d %H:%i:%S')
        </if>
        <if test="remarks != null  and remarks != ''">
            and remarks= #{remarks}
        </if>
        <if test="id != null  and id != ''">
            and id= #{id}
        </if>
    </sql>

    <select id="queryPageMsgMqByCondition" resultMap="MsgMqResultMap"
            parameterType="com.cn.schema.other.WSQueryMsgMqSendRecord">
        select
        <include refid="MsgMq_Column_List"/>
        from T_MSGMQ_SEND_RECORD WHERE 1 =1
        <if test="_parameter != null">
            <include refid="MsgMq_Query_sql"/>
            <if test="order != null and order!=''">
                order by ${order}
            </if>
        </if>
        LIMIT #{pageNum},#{pageSize}
    </select>

    <select id="loadMsgMqById" resultMap="MsgMqResultMap" parameterType="map">
        SELECT
        <include refid="MsgMq_Column_List"/>
        FROM T_MSGMQ_SEND_RECORD
        WHERE 1=1
        and id = #{id,jdbcType=INTEGER}
    </select>


    <insert id="createMsgMq" parameterType="com.cn.schema.other.WSMsgMqSendRecord">
        insert into T_MSGMQ_SEND_RECORD
        <trim prefix="(" suffix=")" suffixOverrides=",">
            <if test="createdDate != null and createdDate!=''">
                created_date,
            </if>
            <if test="productId != null and productId!=''">
                product_id,
            </if>
            <if test="msgData != null and msgData!=''">
                msg_data,
            </if>
            <if test="msgType != null and msgType!=''">
                msg_type,
            </if>
            <if test="jmsQueueName != null and jmsQueueName!=''">
                jms_queue_name,
            </if>
            <if test="rabbitExchangeName != null and rabbitExchangeName!=''">
                rabbit_exchange_name,
            </if>
            <if test="flag != null and flag!=''">
                flag,
            </if>
            <if test="reSendTimes != null and reSendTimes!=''">
                re_send_times,
            </if>
            <if test="lastUpdateDate != null and lastUpdateDate!=''">
                last_update_date,
            </if>
            <if test="remarks != null and remarks!=''">
                remarks,
            </if>
        </trim>
        <trim prefix="values (" suffix=")" suffixOverrides=",">
            <if test="createdDate != null and createdDate!=''">
                str_to_date(#{createdDate},'%Y-%m-%d %H:%i:%S'),
            </if>
            <if test="productId != null and productId!=''">
                #{productId,jdbcType=VARCHAR},
            </if>
            <if test="msgData != null and msgData!=''">
                #{msgData,jdbcType=VARCHAR},
            </if>
            <if test="msgType != null and msgType!=''">
                #{msgType,jdbcType=INTEGER},
            </if>
            <if test="jmsQueueName != null and jmsQueueName!=''">
                #{jmsQueueName,jdbcType=VARCHAR},
            </if>
            <if test="rabbitExchangeName != null and rabbitExchangeName!=''">
                #{rabbitExchangeName,jdbcType=VARCHAR},
            </if>
            <if test="flag != null and flag!=''">
                #{flag,jdbcType=INTEGER},
            </if>
            <if test="reSendTimes != null and reSendTimes!=''">
                #{reSendTimes,jdbcType=INTEGER},
            </if>
            <if test="lastUpdateDate != null and lastUpdateDate!=''">
                str_to_date(#{lastUpdateDate},'%Y-%m-%d %H:%i:%S'),
            </if>
            <if test="remarks != null and remarks!=''">
                #{remarks,jdbcType=VARCHAR},
            </if>
        </trim>
        <selectKey keyProperty="id" resultType="java.lang.String" order="AFTER">
            select LAST_INSERT_ID()
        </selectKey>
    </insert>

    <delete id="deleteById" parameterType="map">
        delete from T_MSGMQ_SEND_RECORD where product_id = #{productId}
        <bind name="idArray" value="id.split(',')"/>
        and id in
        <foreach item="item" index="index" collection="idArray" open="("
                 separator="," close=")">
            #{item}
        </foreach>
    </delete>
</mapper>