<?xml version="1.0" encoding="UTF-8" ?>
<!DOCTYPE mapper PUBLIC "-//mybatis.org//DTD Mapper 3.0//EN" "http://mybatis.org/dtd/mybatis-3-mapper.dtd" >
<mapper namespace="com.riskcontrol.cron.mapper.ProductDao">
    <resultMap id="BaseResultMap" type="com.cn.schema.products.WSProducts">
        <id column="product_id" property="productId" jdbcType="VARCHAR"/>
        <result column="created_date" property="createdDate" jdbcType="DATE"/>
        <result column="effectivity_date" property="effectivityDate" jdbcType="DATE"/>
        <result column="expiry_date" property="expiryDate" jdbcType="DATE"/>
        <result column="last_update" property="lastUpdateDate" jdbcType="DATE"/>
        <result column="last_updated_by" property="lastUpdatedBy" jdbcType="VARCHAR"/>
        <result column="product_desc" property="productDesc" jdbcType="VARCHAR"/>
        <result column="product_name" property="productName" jdbcType="VARCHAR"/>
        <result column="created_by" property="createdBy" jdbcType="VARCHAR"/>
    </resultMap>
    <sql id="Base_Column_List">
         product_id,created_date,effectivity_date,expiry_date,last_update,last_updated_by,product_desc,product_name,created_by
    </sql>
    <sql id="Condition_Query_sql">
                   <if test="createdDateBegin != null and createdDateBegin != ''">
                      and created_date<![CDATA[>=]]>  str_to_date(#{createdDateBegin},'%Y-%m-%d %H:%i:%S')
                   </if>
                   <if test="createdDateEnd != null and createdDateEnd != ''">
                     and created_date<![CDATA[<=]]>  str_to_date(#{createdDateEnd},'%Y-%m-%d %H:%i:%S')
                  </if>
                   <if test="effectivityDateBegin != null and effectivityDateBegin != ''">
                      and effectivity_date<![CDATA[>=]]>  str_to_date(#{effectivityDateBegin},'%Y-%m-%d %H:%i:%S')
                   </if>
                   <if test="effectivityDateEnd != null and effectivityDateEnd != ''">
                     and effectivity_date<![CDATA[<=]]>  str_to_date(#{effectivityDateEnd},'%Y-%m-%d %H:%i:%S')
                  </if>
                   <if test="expiryDateBegin != null and expiryDateBegin != ''">
                      and expiry_date<![CDATA[>=]]>  str_to_date(#{expiryDateBegin},'%Y-%m-%d %H:%i:%S')
                   </if>
                   <if test="expiryDateEnd != null and expiryDateEnd != ''">
                     and expiry_date<![CDATA[<=]]>  str_to_date(#{expiryDateEnd},'%Y-%m-%d %H:%i:%S')
                  </if>
                   <if test="lastUpdateDateBegin != null and lastUpdateDateBegin != ''">
                      and last_update<![CDATA[>=]]>  str_to_date(#{lastUpdateDateBegin},'%Y-%m-%d %H:%i:%S')
                   </if>
                   <if test="lastUpdateDateEnd != null and  lastUpdateDateEnd != ''">
                     and last_update<![CDATA[<=]]>  str_to_date(#{lastUpdateDateEnd},'%Y-%m-%d %H:%i:%S')
                  </if>
                    <if test="productId != null  and productId != ''">
                        and product_id= #{productId}
                    </if>
                   <if test="productName != null  and productName != ''">
                      and product_name= #{productName}
                   </if>
                   <if test="createdBy != null  and createdBy != ''">
                      and created_by= #{createdBy}
                   </if>
    </sql>

     <select id="queryPageByCondition" resultMap="BaseResultMap"
                parameterType="com.cn.schema.products.WSQueryProducts">
         select
         <include refid="Base_Column_List"/>
         from T_PRODUCTS WHERE 1 =1
         <if test="_parameter != null">
             <include refid="Condition_Query_sql"/>
             <if test="order != null and order!=''">
                 order by ${order}
             </if>
         </if>
         LIMIT #{pageNum},#{pageSize}
     </select>

     <select id="countByCondition" parameterType="com.cn.schema.products.WSQueryProducts" resultType="java.lang.Integer">
             select count(*) from T_PRODUCTS WHERE 1 =1
             <if test="_parameter != null">
                 <include refid="Condition_Query_sql"/>
             </if>
      </select>

      <select id="loadById" resultMap="BaseResultMap"
                  parameterType="map">
              SELECT
              <include refid="Base_Column_List"/>
              FROM T_PRODUCTS
              WHERE product_id = #{productId,jdbcType=VARCHAR}
       </select>



      <update id="modify" parameterType="com.cn.schema.products.WSProducts">
              UPDATE T_PRODUCTS
              SET
                  <if test="effectivityDate != null and effectivityDate!=''">
                      effectivity_date = str_to_date(#{effectivityDate},'%Y-%m-%d %H:%i:%S'),
                  </if>
                  <if test="expiryDate != null and expiryDate!=''">
                      expiry_date = str_to_date(#{expiryDate},'%Y-%m-%d %H:%i:%S'),
                  </if>
                  <if test="productDesc != null and productDesc!=''">
                        product_desc = #{productDesc,jdbcType=VARCHAR},
                  </if>
                  <if test="productName != null and productName!=''">
                        product_name = #{productName,jdbcType=VARCHAR},
                  </if>
                  last_update = str_to_date(#{lastUpdateDate},'%Y-%m-%d %H:%i:%S'),
                  last_updated_by = #{lastUpdatedBy,jdbcType=VARCHAR}
          WHERE product_id = #{productId,jdbcType=VARCHAR}
       </update>

       <insert id="create" parameterType="com.cn.schema.products.WSProducts">
               insert into T_PRODUCTS (
                     <if test="createdDate != null and createdDate!=''">
                          created_date,
                    </if>
                     <if test="effectivityDate != null and effectivityDate!=''">
                          effectivity_date,
                    </if>
                     <if test="expiryDate != null and expiryDate!=''">
                          expiry_date,
                    </if>
                     <if test="lastUpdateDate != null and lastUpdateDate!=''">
                         last_update,
                    </if>
                     <if test="lastUpdatedBy != null and lastUpdatedBy!=''">
                          last_updated_by,
                    </if>
                     <if test="productDesc != null and productDesc!=''">
                          product_desc,
                    </if>
                     <if test="productName != null and productName!=''">
                          product_name,
                    </if>
                     <if test="createdBy != null and createdBy!=''">
                          created_by,
                    </if>
                product_id
               )values (
                      <if test="createdDate != null and createdDate!=''">
                          str_to_date(#{createdDate},'%Y-%m-%d %H:%i:%S'),
                       </if>
                      <if test="effectivityDate != null and effectivityDate!=''">
                          str_to_date(#{effectivityDate},'%Y-%m-%d %H:%i:%S'),
                       </if>
                      <if test="expiryDate != null and expiryDate!=''">
                          str_to_date( #{expiryDate},'%Y-%m-%d %H:%i:%S'),
                       </if>
                      <if test="lastUpdateDate != null and lastUpdateDate!=''">
                          str_to_date(#{lastUpdateDate},'%Y-%m-%d %H:%i:%S'),
                       </if>
                      <if test="lastUpdatedBy != null and lastUpdatedBy!=''">
                               #{lastUpdatedBy,jdbcType=VARCHAR},
                       </if>
                      <if test="productDesc != null and productDesc!=''">
                               #{productDesc,jdbcType=VARCHAR},
                       </if>
                      <if test="productName != null and productName!=''">
                               #{productName,jdbcType=VARCHAR},
                       </if>
                      <if test="createdBy != null and createdBy!=''">
                               #{createdBy,jdbcType=VARCHAR},
                       </if>
                #{productId,jdbcType=VARCHAR}
               )
       </insert>

    <select id="queryAllProductId" resultType="String" >
        select product_id from t_products order by  product_id
    </select>

    <select id="queryCurrentEffectProducts" parameterType="list" resultType="string">
        select product_id from t_products where 1=1
        <if test="list != null">
            and product_id in
            <foreach collection="list" item="item" separator="," open="(" close=")">
                #{item}
            </foreach>
        </if>
        order by product_id
    </select>
</mapper>