<?xml version="1.0" encoding="UTF-8"?>
<!DOCTYPE mapper PUBLIC "-//mybatis.org//DTD Mapper 3.0//EN" "http://mybatis.org/dtd/mybatis-3-mapper.dtd">
<mapper namespace="com.riskcontrol.cron.mapper.TPbcCrawlerResultMapper">
  <resultMap id="BaseResultMap" type="com.riskcontrol.cron.entity.TPbcCrawlerResult">
    <!--@mbg.generated-->
    <!--@Table t_pbc_crawler_result-->
    <id column="id" jdbcType="BIGINT" property="id" />
    <result column="source_id" jdbcType="VARCHAR" property="sourceId" />
    <result column="url" jdbcType="VARCHAR" property="url" />
    <result column="user_id" jdbcType="VARCHAR" property="userId" />
    <result column="user_name" jdbcType="VARCHAR" property="userName" />
    <result column="birth_date" jdbcType="VARCHAR" property="birthDate" />
    <result column="banned_lifted_by" jdbcType="VARCHAR" property="bannedLiftedBy" />
    <result column="registered_on" jdbcType="VARCHAR" property="registeredOn" />
    <result column="banned_lifted_on" jdbcType="VARCHAR" property="bannedLiftedOn" />
    <result column="create_date" jdbcType="TIMESTAMP" property="createDate" />
    <result column="modify_date" jdbcType="TIMESTAMP" property="modifyDate" />
  </resultMap>
  <sql id="Base_Column_List">
    <!--@mbg.generated-->
    id, source_id, url, user_id, user_name, birth_date, banned_lifted_by, registered_on, 
    banned_lifted_on, create_date, modify_date
  </sql>
</mapper>