<?xml version="1.0" encoding="UTF-8" ?>
<!DOCTYPE mapper PUBLIC "-//mybatis.org//DTD Mapper 3.0//EN" "http://mybatis.org/dtd/mybatis-3-mapper.dtd" >
<mapper namespace="com.riskcontrol.cron.mapper.WSErrorCodeDao">
    <resultMap id="BaseResultMap" type="com.cn.schema.other.WSErrorCode">
        <result column="id" property="id" jdbcType="BIGINT"/>
        <result column="product_id" property="productId" jdbcType="VARCHAR"/>
        <result column="error_code" property="errorCode" jdbcType="VARCHAR"/>
        <result column="class_name" property="className" jdbcType="VARCHAR"/>
        <result column="message_en" property="messageEn" jdbcType="VARCHAR"/>
        <result column="message_cn" property="messageCn" jdbcType="VARCHAR"/>
        <result column="remark" property="remark" jdbcType="VARCHAR"/>
        <result column="solution" property="solution" jdbcType="VARCHAR"/>
        <result column="message_th" property="messageTh" jdbcType="VARCHAR"/>
        <result column="message_vi" property="messageVi" jdbcType="VARCHAR"/>
        <result column="message_ja" property="messageJa" jdbcType="VARCHAR"/>
    </resultMap>
    <sql id="Base_Column_List">
         product_id,id,error_code,class_name,message_en,message_cn,remark,solution,message_th,message_vi,message_ja
         
    </sql>
    <sql id="Condition_Query_sql">
                   <if test="productId != null  and productId != ''">
                       <bind name="productIdArray" value="productId.split(';')"/>
                       and product_id in
                       <foreach item="item" index="index" collection="productIdArray" open="(" separator="," close=")">
                           #{item}
                       </foreach>
                   </if>
                   <if test="id != null and id!= ''">
                   and id= #{id}
                   </if>
                   <if test="errorCode != null  and errorCode != ''">
                   and error_code= #{errorCode}
                   </if>
                   <if test="className != null  and className != ''">
                   and lower(class_name) like lower CONCAT('%',#{className},'%')
                   </if>
                   <if test="messageEn != null  and messageEn != ''">
                   and message_en like CONCAT('%',#{messageEn},'%')
                   </if>
                   <if test="messageCn != null  and messageCn != ''">
                   and message_cn like CONCAT('%',#{messageCn},'%')
                   </if>
                   <if test="remark != null  and remark != ''">
                   and remark= #{remark}
                   </if>
                   <if test="solution != null  and solution != ''">
                   and solution= #{solution}
                   </if>
                    <if test="messageTh != null  and messageTh != ''">
                        and message_th like CONCAT('%',#{messageTh},'%')
                    </if>
                    <if test="messageVi != null  and messageVi != ''">
                        and message_vi like CONCAT('%',#{messageVi},'%')
                    </if>
    </sql>

    <select id="queryPageByCondition" fetchSize="10000" resultMap="BaseResultMap"
            parameterType="com.cn.schema.other.WSQueryErrorCode">
        select
        <include refid="Base_Column_List"/>
        from T_ERROR WHERE 1 =1
        <if test="_parameter != null">
            <include refid="Condition_Query_sql"/>
            <if test="order != null and order!=''">
                order by ${order}
            </if>
        </if>
        LIMIT #{pageNum},#{pageSize}
    </select>

     <select id="countByCondition" parameterType="com.cn.schema.other.WSQueryErrorCode" resultType="java.lang.Integer">
             select count(*) from T_ERROR WHERE 1 =1
             <if test="_parameter != null">
                 <include refid="Condition_Query_sql"/>
             </if>
      </select>


      <select id="loadById" resultMap="BaseResultMap"
                  parameterType="map">
              SELECT
              <include refid="Base_Column_List"/>
              FROM T_ERROR
               WHERE 1=1
       </select>


      <update id="modify" parameterType="com.cn.schema.other.WSErrorCode" >
              UPDATE T_ERROR
                  <trim prefix="set" suffixOverrides=",">
                  <if test="errorCode != null and errorCode!=''">
                        error_code = #{errorCode},
                  </if>
                  <if test="className != null and className!=''">
                        class_name = #{className},
                  </if>
                  <if test="messageEn != null and messageEn!=''">
                        message_en = #{messageEn},
                  </if>
                  <if test="messageCn != null and messageCn!=''">
                        message_cn = #{messageCn},
                  </if>
                  <if test="remark != null and remark!=''">
                        remark = #{remark},
                  </if>
                  <if test="solution != null and solution!=''">
                        solution = #{solution},
                  </if>
                      <if test="messageTh != null and messageTh!=''">
                          message_th = #{messageTh},
                      </if>
                      <if test="messageVi != null and messageVi!=''">
                          message_vi = #{messageVi},
                      </if>
                      <if test="messageJa != null and messageJa!=''">
                          message_ja = #{messageJa},
                      </if>
                  </trim>
              WHERE 1 = 1 and ID = #{id} AND PRODUCT_ID=#{productId}
       </update>

    <insert id="create" parameterType="com.cn.schema.other.WSErrorCode">
        <trim prefix="(" suffix=")" suffixOverrides=",">
            <if test="errorCode != null and errorCode!=''">
                error_code,
            </if>
            <if test="className != null and className!=''">
                class_name,
            </if>
            <if test="messageEn != null and messageEn!=''">
                message_en,
            </if>
            <if test="messageCn != null and messageCn!=''">
                message_cn,
            </if>
            <if test="remark != null and remark!=''">
                remark,
            </if>
            <if test="solution != null and solution!=''">
                solution,
            </if>
            <if test="productId != null and productId!=''">
                product_id,
            </if>
            <if test="messageTh != null and messageTh!=''">
                message_th,
            </if>
            <if test="messageVi != null and messageVi!=''">
                message_vi,
            </if>
            <if test="messageJa != null and messageJa!=''">
                message_ja,
            </if>
        </trim>
        <trim prefix="values (" suffix=")" suffixOverrides=",">
            <if test="errorCode != null and errorCode!=''">
                #{errorCode,jdbcType=VARCHAR},
            </if>
            <if test="className != null and className!=''">
                #{className,jdbcType=VARCHAR},
            </if>
            <if test="messageEn != null and messageEn!=''">
                #{messageEn,jdbcType=VARCHAR},
            </if>
            <if test="messageCn != null and messageCn!=''">
                #{messageCn,jdbcType=VARCHAR},
            </if>
            <if test="remark != null and remark!=''">
                #{remark,jdbcType=VARCHAR},
            </if>
            <if test="solution != null and solution!=''">
                #{solution,jdbcType=VARCHAR},
            </if>
            <if test="productId != null and productId!=''">
                #{productId,jdbcType=VARCHAR},
            </if>
            <if test="messageTh != null and messageTh!=''">
                #{messageTh,jdbcType=VARCHAR},
            </if>
            <if test="messageVi != null and messageVi!=''">
                #{messageVi,jdbcType=VARCHAR},
            </if>
            <if test="messageJa != null and messageJa!=''">
                #{messageJa,jdbcType=VARCHAR},
            </if>
        </trim>
        <selectKey keyProperty="id" resultType="java.lang.String" order="AFTER">
            select LAST_INSERT_ID()
        </selectKey>
    </insert>

    <delete id="delete" parameterType="java.lang.String">
        DELETE FROM T_ERROR
        WHERE id = #{id}
    </delete>

    <select id="selectByCode" resultMap="BaseResultMap">
        select * from T_ERROR where error_code = #{errorCode}
    </select>
</mapper>